"('mid',)","('genre',)"
tt0012349,Comedy
tt0012349,Drama
tt0012349,Family
tt0015864,Adventure
tt0015864,Comedy
tt0015864,Drama
tt0017136,Drama
tt0017136,Sci-Fi
tt0021749,Comedy
tt0021749,Drama
tt0021749,Romance
tt0022100,Crime
tt0022100,Mystery
tt0022100,Thriller
tt0025316,Comedy
tt0025316,Romance
tt0027977,Comedy
tt0027977,Drama
tt0027977,Romance
tt0029583,Adventure
tt0029583,Animation
tt0029583,Family
tt0031381,Drama
tt0031381,History
tt0031381,Romance
tt0031679,Comedy
tt0031679,Drama
tt0032138,Adventure
tt0032138,Family
tt0032138,Fantasy
tt0032553,Comedy
tt0032553,Drama
tt0032553,War
tt0032910,Adventure
tt0032910,Animation
tt0032910,Comedy
tt0032976,Drama
tt0032976,Film-Noir
tt0032976,Mystery
tt0033467,Drama
tt0033467,Mystery
tt0033563,Adventure
tt0033563,Animation
tt0033563,Drama
tt0033870,Crime
tt0033870,Film-Noir
tt0033870,Mystery
tt0034492,Adventure
tt0034492,Animation
tt0034492,Drama
tt0034583,Drama
tt0034583,Romance
tt0034583,War
tt0036775,Crime
tt0036775,Drama
tt0036775,Film-Noir
tt0038650,Drama
tt0038650,Family
tt0038650,Fantasy
tt0040522,Drama
tt0040746,Crime
tt0040746,Drama
tt0040746,Mystery
tt0040897,Adventure
tt0040897,Drama
tt0040897,Western
tt0041959,Film-Noir
tt0041959,Mystery
tt0041959,Thriller
tt0042192,Drama
tt0042332,Animation
tt0042332,Family
tt0042332,Fantasy
tt0042876,Crime
tt0042876,Drama
tt0042876,Mystery
tt0043014,Drama
tt0043014,Film-Noir
tt0043274,Adventure
tt0043274,Animation
tt0043274,Comedy
tt0044079,Crime
tt0044079,Drama
tt0044079,Film-Noir
tt0044081,Drama
tt0044706,Drama
tt0044706,Thriller
tt0044706,Western
tt0045152,Comedy
tt0045152,Musical
tt0045152,Romance
tt0046183,Adventure
tt0046183,Animation
tt0046183,Family
tt0046250,Comedy
tt0046250,Romance
tt0046912,Crime
tt0046912,Thriller
tt0047296,Crime
tt0047296,Drama
tt0047296,Thriller
tt0047396,Mystery
tt0047396,Thriller
tt0047478,Action
tt0047478,Drama
tt0048280,Adventure
tt0048280,Animation
tt0048280,Comedy
tt0050083,Crime
tt0050083,Drama
tt0050212,Adventure
tt0050212,Drama
tt0050212,War
tt0050825,Drama
tt0050825,War
tt0050976,Drama
tt0050976,Fantasy
tt0050976,History
tt0050986,Drama
tt0050986,Romance
tt0051201,Crime
tt0051201,Drama
tt0051201,Mystery
tt0052311,Crime
tt0052311,Drama
tt0052311,Film-Noir
tt0052357,Mystery
tt0052357,Romance
tt0052357,Thriller
tt0052618,Adventure
tt0052618,Drama
tt0052618,History
tt0053125,Adventure
tt0053125,Mystery
tt0053125,Thriller
tt0053198,Crime
tt0053198,Drama
tt0053285,Adventure
tt0053285,Animation
tt0053285,Family
tt0053291,Comedy
tt0053291,Music
tt0053291,Romance
tt0053604,Comedy
tt0053604,Drama
tt0053604,Romance
tt0054215,Horror
tt0054215,Mystery
tt0054215,Thriller
tt0054331,Adventure
tt0054331,Biography
tt0054331,Drama
tt0054698,Comedy
tt0054698,Drama
tt0054698,Romance
tt0055254,Adventure
tt0055254,Animation
tt0055254,Comedy
tt0055614,Crime
tt0055614,Drama
tt0055614,Musical
tt0055630,Action
tt0055630,Drama
tt0055630,Thriller
tt0055928,Action
tt0055928,Adventure
tt0055928,Thriller
tt0056172,Adventure
tt0056172,Biography
tt0056172,Drama
tt0056592,Crime
tt0056592,Drama
tt0056801,Drama
tt0056869,Drama
tt0056869,Horror
tt0056869,Mystery
tt0057012,Comedy
tt0057012,War
tt0057076,Action
tt0057076,Adventure
tt0057076,Thriller
tt0057115,Adventure
tt0057115,Drama
tt0057115,History
tt0058150,Action
tt0058150,Adventure
tt0058150,Thriller
tt0058331,Comedy
tt0058331,Family
tt0058331,Fantasy
tt0058461,Action
tt0058461,Drama
tt0058461,Western
tt0059578,Western
tt0059742,Biography
tt0059742,Drama
tt0059742,Family
tt0059800,Action
tt0059800,Adventure
tt0059800,Thriller
tt0060196,Adventure
tt0060196,Western
tt0060827,Drama
tt0060827,Thriller
tt0061418,Action
tt0061418,Biography
tt0061418,Crime
tt0061512,Crime
tt0061512,Drama
tt0061722,Comedy
tt0061722,Drama
tt0061722,Romance
tt0061852,Adventure
tt0061852,Animation
tt0061852,Comedy
tt0062512,Action
tt0062512,Adventure
tt0062512,Thriller
tt0062622,Adventure
tt0062622,Sci-Fi
tt0063350,Horror
tt0063350,Thriller
tt0063442,Adventure
tt0063442,Sci-Fi
tt0063522,Drama
tt0063522,Horror
tt0064115,Biography
tt0064115,Crime
tt0064115,Drama
tt0064116,Western
tt0064276,Adventure
tt0064276,Drama
tt0064665,Drama
tt0065421,Adventure
tt0065421,Animation
tt0065421,Comedy
tt0066206,Biography
tt0066206,Drama
tt0066206,War
tt0066921,Crime
tt0066921,Sci-Fi
tt0066995,Action
tt0066995,Adventure
tt0066995,Thriller
tt0066999,Action
tt0066999,Crime
tt0066999,Thriller
tt0067116,Action
tt0067116,Crime
tt0067116,Drama
tt0067992,Family
tt0067992,Fantasy
tt0067992,Musical
tt0068473,Adventure
tt0068473,Drama
tt0068473,Thriller
tt0068646,Crime
tt0068646,Drama
tt0070034,Action
tt0070034,Crime
tt0070034,Drama
tt0070047,Horror
tt0070328,Action
tt0070328,Adventure
tt0070328,Thriller
tt0070379,Crime
tt0070379,Drama
tt0070379,Thriller
tt0070511,Biography
tt0070511,Crime
tt0070511,Drama
tt0070608,Adventure
tt0070608,Animation
tt0070608,Comedy
tt0070666,Biography
tt0070666,Crime
tt0070666,Drama
tt0070735,Comedy
tt0070735,Crime
tt0070735,Drama
tt0071230,Comedy
tt0071230,Western
tt0071315,Drama
tt0071315,Mystery
tt0071315,Thriller
tt0071360,Drama
tt0071360,Mystery
tt0071360,Thriller
tt0071562,Crime
tt0071562,Drama
tt0071807,Action
tt0071807,Adventure
tt0071807,Thriller
tt0071853,Adventure
tt0071853,Comedy
tt0071853,Fantasy
tt0072271,Horror
tt0072431,Comedy
tt0072684,Adventure
tt0072684,Drama
tt0072684,History
tt0072890,Biography
tt0072890,Crime
tt0072890,Drama
tt0073195,Adventure
tt0073195,Thriller
tt0073486,Drama
tt0073629,Comedy
tt0073629,Horror
tt0073629,Musical
tt0074119,Drama
tt0074119,History
tt0074119,Thriller
tt0074285,Horror
tt0074285,Mystery
tt0074486,Fantasy
tt0074486,Horror
tt0074958,Drama
tt0075005,Horror
tt0075005,Mystery
tt0075148,Drama
tt0075148,Sport
tt0075314,Crime
tt0075314,Drama
tt0075686,Comedy
tt0075686,Romance
tt0075860,Drama
tt0075860,Sci-Fi
tt0076752,Action
tt0076752,Adventure
tt0076752,Thriller
tt0076759,Action
tt0076759,Adventure
tt0076759,Fantasy
tt0077402,Horror
tt0077402,Thriller
tt0077416,Drama
tt0077416,War
tt0077631,Comedy
tt0077631,Musical
tt0077631,Romance
tt0077651,Horror
tt0077651,Thriller
tt0077975,Comedy
tt0078346,Action
tt0078346,Adventure
tt0078346,Sci-Fi
tt0078748,Horror
tt0078748,Sci-Fi
tt0078788,Drama
tt0078788,Mystery
tt0078788,War
tt0079116,Action
tt0079116,Biography
tt0079116,Crime
tt0079417,Drama
tt0079470,Comedy
tt0079501,Action
tt0079501,Adventure
tt0079501,Sci-Fi
tt0079522,Comedy
tt0079522,Drama
tt0079522,Romance
tt0079817,Drama
tt0079817,Sport
tt0079944,Drama
tt0079944,Sci-Fi
tt0080120,Action
tt0080120,Crime
tt0080120,Thriller
tt0080339,Comedy
tt0080455,Action
tt0080455,Adventure
tt0080455,Comedy
tt0080487,Comedy
tt0080487,Sport
tt0080678,Biography
tt0080678,Drama
tt0080684,Action
tt0080684,Adventure
tt0080684,Fantasy
tt0080761,Horror
tt0080761,Mystery
tt0080761,Thriller
tt0081398,Biography
tt0081398,Drama
tt0081398,Sport
tt0081505,Drama
tt0081505,Horror
tt0081573,Action
tt0081573,Adventure
tt0081573,Sci-Fi
tt0082010,Comedy
tt0082010,Horror
tt0082096,Drama
tt0082096,War
tt0082198,Action
tt0082198,Adventure
tt0082198,Fantasy
tt0082340,Action
tt0082340,Adventure
tt0082340,Sci-Fi
tt0082694,Action
tt0082694,Adventure
tt0082694,Sci-Fi
tt0082971,Action
tt0082971,Adventure
tt0083658,Action
tt0083658,Drama
tt0083658,Sci-Fi
tt0083866,Adventure
tt0083866,Family
tt0083866,Sci-Fi
tt0083907,Horror
tt0083929,Comedy
tt0083929,Drama
tt0083944,Action
tt0083944,Adventure
tt0083944,Thriller
tt0083987,Biography
tt0083987,Drama
tt0084516,Horror
tt0084516,Thriller
tt0084602,Drama
tt0084602,Sport
tt0084726,Action
tt0084726,Adventure
tt0084726,Sci-Fi
tt0084787,Horror
tt0084787,Mystery
tt0084787,Sci-Fi
tt0084805,Comedy
tt0084805,Drama
tt0084805,Romance
tt0084827,Action
tt0084827,Adventure
tt0084827,Sci-Fi
tt0085334,Comedy
tt0085334,Family
tt0085959,Comedy
tt0085959,Musical
tt0085995,Adventure
tt0085995,Comedy
tt0086034,Action
tt0086034,Adventure
tt0086034,Thriller
tt0086190,Action
tt0086190,Adventure
tt0086190,Fantasy
tt0086250,Crime
tt0086250,Drama
tt0086465,Comedy
tt0086879,Biography
tt0086879,Drama
tt0086879,Music
tt0086960,Action
tt0086960,Comedy
tt0086960,Crime
tt0087182,Action
tt0087182,Adventure
tt0087182,Sci-Fi
tt0087332,Action
tt0087332,Comedy
tt0087332,Fantasy
tt0087363,Comedy
tt0087363,Fantasy
tt0087363,Horror
tt0087469,Action
tt0087469,Adventure
tt0087538,Action
tt0087538,Drama
tt0087538,Family
tt0087544,Adventure
tt0087544,Animation
tt0087544,Sci-Fi
tt0087800,Horror
tt0087843,Crime
tt0087843,Drama
tt0087884,Drama
tt0087928,Comedy
tt0088128,Comedy
tt0088128,Romance
tt0088247,Action
tt0088247,Sci-Fi
tt0088258,Comedy
tt0088258,Music
tt0088323,Adventure
tt0088323,Drama
tt0088323,Family
tt0088763,Adventure
tt0088763,Comedy
tt0088763,Sci-Fi
tt0088846,Drama
tt0088846,Sci-Fi
tt0088847,Comedy
tt0088847,Drama
tt0088944,Action
tt0088944,Adventure
tt0088944,Thriller
tt0089218,Adventure
tt0089218,Comedy
tt0089218,Family
tt0089530,Action
tt0089530,Adventure
tt0089530,Sci-Fi
tt0089880,Action
tt0089880,Adventure
tt0089880,Thriller
tt0089881,Action
tt0089881,Drama
tt0089881,War
tt0089927,Drama
tt0089927,Sport
tt0090555,Action
tt0090555,Adventure
tt0090555,Comedy
tt0090605,Action
tt0090605,Adventure
tt0090605,Sci-Fi
tt0090728,Action
tt0090728,Adventure
tt0090728,Comedy
tt0090756,Crime
tt0090756,Drama
tt0090756,Mystery
tt0091042,Comedy
tt0091064,Drama
tt0091064,Horror
tt0091064,Sci-Fi
tt0091203,Action
tt0091203,Adventure
tt0091203,Fantasy
tt0091369,Adventure
tt0091369,Family
tt0091369,Fantasy
tt0091605,Drama
tt0091605,History
tt0091605,Mystery
tt0091763,Drama
tt0091763,War
tt0092005,Adventure
tt0092005,Drama
tt0092067,Adventure
tt0092067,Animation
tt0092067,Family
tt0092099,Action
tt0092099,Drama
tt0092644,Action
tt0092644,Comedy
tt0092644,Crime
tt0092890,Drama
tt0092890,Music
tt0092890,Romance
tt0092965,Drama
tt0092965,History
tt0092965,War
tt0092991,Comedy
tt0092991,Horror
tt0093058,Drama
tt0093058,War
tt0093105,Biography
tt0093105,Comedy
tt0093105,Drama
tt0093177,Horror
tt0093177,Thriller
tt0093389,Biography
tt0093389,Drama
tt0093389,History
tt0093409,Action
tt0093409,Crime
tt0093409,Thriller
tt0093437,Comedy
tt0093437,Horror
tt0093748,Comedy
tt0093748,Drama
tt0093773,Action
tt0093773,Adventure
tt0093773,Horror
tt0093779,Adventure
tt0093779,Family
tt0093779,Fantasy
tt0093822,Comedy
tt0093822,Crime
tt0093870,Action
tt0093870,Crime
tt0093870,Sci-Fi
tt0093894,Action
tt0093894,Sci-Fi
tt0093894,Thriller
tt0094012,Adventure
tt0094012,Comedy
tt0094012,Sci-Fi
tt0094226,Crime
tt0094226,Drama
tt0094226,Thriller
tt0094291,Crime
tt0094291,Drama
tt0094625,Action
tt0094625,Animation
tt0094625,Drama
tt0094721,Comedy
tt0094721,Fantasy
tt0094737,Comedy
tt0094737,Drama
tt0094737,Fantasy
tt0094898,Comedy
tt0094898,Romance
tt0095016,Action
tt0095016,Thriller
tt0095159,Comedy
tt0095159,Crime
tt0095327,Animation
tt0095327,Drama
tt0095327,War
tt0095705,Comedy
tt0095705,Crime
tt0095765,Drama
tt0095765,Romance
tt0095953,Drama
tt0095956,Action
tt0095956,Adventure
tt0095956,Thriller
tt0096256,Action
tt0096256,Horror
tt0096256,Sci-Fi
tt0096283,Animation
tt0096283,Comedy
tt0096283,Family
tt0096320,Comedy
tt0096320,Crime
tt0096438,Adventure
tt0096438,Animation
tt0096438,Comedy
tt0096446,Action
tt0096446,Adventure
tt0096446,Drama
tt0096754,Adventure
tt0096754,Drama
tt0096754,Mystery
tt0096874,Adventure
tt0096874,Comedy
tt0096874,Sci-Fi
tt0096895,Action
tt0096895,Adventure
tt0096928,Adventure
tt0096928,Comedy
tt0096928,Music
tt0096969,Biography
tt0096969,Drama
tt0096969,War
tt0097165,Comedy
tt0097165,Drama
tt0097239,Drama
tt0097351,Drama
tt0097351,Family
tt0097351,Fantasy
tt0097428,Action
tt0097428,Comedy
tt0097428,Fantasy
tt0097441,Biography
tt0097441,Drama
tt0097441,History
tt0097523,Adventure
tt0097523,Comedy
tt0097523,Family
tt0097576,Action
tt0097576,Adventure
tt0097733,Action
tt0097733,Crime
tt0097733,Thriller
tt0097742,Action
tt0097742,Adventure
tt0097742,Thriller
tt0097757,Adventure
tt0097757,Animation
tt0097757,Comedy
tt0097814,Animation
tt0097814,Family
tt0097814,Fantasy
tt0097958,Comedy
tt0098084,Fantasy
tt0098084,Horror
tt0098084,Thriller
tt0098439,Action
tt0098439,Comedy
tt0098439,Crime
tt0098635,Comedy
tt0098635,Drama
tt0098635,Romance
tt0099077,Biography
tt0099077,Drama
tt0099088,Adventure
tt0099088,Comedy
tt0099088,Sci-Fi
tt0099348,Adventure
tt0099348,Drama
tt0099348,Western
tt0099423,Action
tt0099423,Thriller
tt0099487,Drama
tt0099487,Fantasy
tt0099487,Romance
tt0099653,Drama
tt0099653,Fantasy
tt0099653,Romance
tt0099674,Crime
tt0099674,Drama
tt0099685,Biography
tt0099685,Crime
tt0099685,Drama
tt0099700,Comedy
tt0099700,Fantasy
tt0099700,Horror
tt0099785,Comedy
tt0099785,Family
tt0099810,Action
tt0099810,Adventure
tt0099810,Thriller
tt0099871,Drama
tt0099871,Horror
tt0099871,Mystery
tt0099938,Action
tt0099938,Comedy
tt0099938,Crime
tt0100150,Crime
tt0100150,Drama
tt0100150,Thriller
tt0100157,Drama
tt0100157,Thriller
tt0100403,Action
tt0100403,Horror
tt0100403,Sci-Fi
tt0100405,Comedy
tt0100405,Romance
tt0100507,Drama
tt0100507,Sport
tt0100802,Action
tt0100802,Adventure
tt0100802,Sci-Fi
tt0100814,Comedy
tt0100814,Horror
tt0101272,Comedy
tt0101272,Fantasy
tt0101410,Comedy
tt0101410,Drama
tt0101410,Thriller
tt0101414,Animation
tt0101414,Family
tt0101414,Fantasy
tt0101507,Crime
tt0101507,Drama
tt0101540,Crime
tt0101540,Thriller
tt0102057,Adventure
tt0102057,Comedy
tt0102057,Family
tt0102059,Action
tt0102059,Comedy
tt0102138,Drama
tt0102138,History
tt0102138,Thriller
tt0102266,Action
tt0102266,Comedy
tt0102266,Crime
tt0102510,Comedy
tt0102510,Crime
tt0102685,Action
tt0102685,Crime
tt0102685,Thriller
tt0102798,Action
tt0102798,Adventure
tt0102798,Drama
tt0102926,Crime
tt0102926,Drama
tt0102926,Thriller
tt0103064,Action
tt0103064,Sci-Fi
tt0103074,Adventure
tt0103074,Crime
tt0103074,Drama
tt0103639,Adventure
tt0103639,Animation
tt0103639,Comedy
tt0103644,Action
tt0103644,Horror
tt0103644,Sci-Fi
tt0103772,Drama
tt0103772,Mystery
tt0103772,Thriller
tt0103776,Action
tt0103776,Crime
tt0103776,Fantasy
tt0103855,Action
tt0103855,Drama
tt0103855,Music
tt0103874,Drama
tt0103874,Fantasy
tt0103874,Horror
tt0104070,Comedy
tt0104070,Fantasy
tt0104070,Horror
tt0104257,Drama
tt0104257,Thriller
tt0104348,Crime
tt0104348,Drama
tt0104348,Mystery
tt0104431,Adventure
tt0104431,Comedy
tt0104431,Crime
tt0104691,Action
tt0104691,Adventure
tt0104691,Drama
tt0104694,Comedy
tt0104694,Drama
tt0104694,Sport
tt0104714,Action
tt0104714,Crime
tt0104714,Thriller
tt0104952,Comedy
tt0104952,Crime
tt0105112,Action
tt0105112,Thriller
tt0105236,Crime
tt0105236,Drama
tt0105236,Thriller
tt0105323,Drama
tt0105695,Drama
tt0105695,Western
tt0105793,Comedy
tt0105793,Music
tt0106308,Comedy
tt0106308,Horror
tt0106489,Crime
tt0106489,Drama
tt0106519,Crime
tt0106519,Drama
tt0106519,Thriller
tt0106582,Action
tt0106582,Adventure
tt0106582,Thriller
tt0106611,Adventure
tt0106611,Comedy
tt0106611,Family
tt0106677,Comedy
tt0106697,Action
tt0106697,Sci-Fi
tt0106697,Thriller
tt0106856,Action
tt0106856,Crime
tt0106856,Drama
tt0106918,Drama
tt0106918,Mystery
tt0106918,Thriller
tt0106977,Action
tt0106977,Crime
tt0106977,Drama
tt0107048,Comedy
tt0107048,Drama
tt0107048,Fantasy
tt0107120,Comedy
tt0107120,Family
tt0107120,Fantasy
tt0107206,Action
tt0107206,Crime
tt0107206,Drama
tt0107207,Biography
tt0107207,Crime
tt0107207,Drama
tt0107290,Action
tt0107290,Adventure
tt0107290,Sci-Fi
tt0107362,Action
tt0107362,Adventure
tt0107362,Comedy
tt0107614,Comedy
tt0107614,Drama
tt0107688,Animation
tt0107688,Family
tt0107688,Fantasy
tt0107818,Drama
tt0107977,Adventure
tt0107977,Comedy
tt0107977,Musical
tt0108052,Biography
tt0108052,Drama
tt0108052,History
tt0108160,Comedy
tt0108160,Drama
tt0108160,Romance
tt0108358,Action
tt0108358,Biography
tt0108358,Drama
tt0108399,Crime
tt0108399,Drama
tt0108399,Romance
tt0108550,Drama
tt0109040,Comedy
tt0109445,Comedy
tt0109506,Action
tt0109506,Fantasy
tt0109506,Thriller
tt0109686,Comedy
tt0109707,Biography
tt0109707,Comedy
tt0109707,Drama
tt0109830,Drama
tt0109830,Romance
tt0109831,Comedy
tt0109831,Drama
tt0109831,Romance
tt0110148,Drama
tt0110148,Fantasy
tt0110148,Horror
tt0110322,Drama
tt0110322,Romance
tt0110322,War
tt0110357,Adventure
tt0110357,Animation
tt0110357,Drama
tt0110413,Action
tt0110413,Crime
tt0110413,Drama
tt0110475,Action
tt0110475,Comedy
tt0110475,Crime
tt0110478,Action
tt0110478,Adventure
tt0110478,Comedy
tt0110622,Comedy
tt0110622,Crime
tt0110632,Action
tt0110632,Crime
tt0110632,Drama
tt0110912,Crime
tt0110912,Drama
tt0111070,Comedy
tt0111070,Drama
tt0111070,Family
tt0111161,Drama
tt0111257,Action
tt0111257,Adventure
tt0111257,Thriller
tt0111282,Action
tt0111282,Adventure
tt0111282,Sci-Fi
tt0111495,Drama
tt0111495,Mystery
tt0111495,Romance
tt0111503,Action
tt0111503,Comedy
tt0111503,Thriller
tt0112281,Adventure
tt0112281,Comedy
tt0112281,Crime
tt0112384,Adventure
tt0112384,Drama
tt0112384,History
tt0112431,Comedy
tt0112431,Drama
tt0112431,Family
tt0112442,Action
tt0112442,Comedy
tt0112442,Crime
tt0112461,Biography
tt0112461,Crime
tt0112461,Drama
tt0112462,Action
tt0112462,Adventure
tt0112471,Drama
tt0112471,Romance
tt0112508,Comedy
tt0112573,Biography
tt0112573,Drama
tt0112573,History
tt0112641,Crime
tt0112641,Drama
tt0112642,Comedy
tt0112642,Family
tt0112642,Fantasy
tt0112697,Comedy
tt0112697,Romance
tt0112740,Action
tt0112740,Drama
tt0112740,Thriller
tt0112851,Action
tt0112851,Crime
tt0112851,Thriller
tt0112864,Action
tt0112864,Adventure
tt0112864,Thriller
tt0113101,Comedy
tt0113118,Comedy
tt0113118,Drama
tt0113189,Action
tt0113189,Adventure
tt0113189,Thriller
tt0113247,Crime
tt0113247,Drama
tt0113277,Action
tt0113277,Crime
tt0113277,Drama
tt0113492,Action
tt0113492,Crime
tt0113492,Sci-Fi
tt0113497,Adventure
tt0113497,Comedy
tt0113497,Family
tt0113568,Action
tt0113568,Animation
tt0113568,Crime
tt0113627,Drama
tt0113627,Romance
tt0113749,Comedy
tt0113749,Romance
tt0113855,Action
tt0113855,Adventure
tt0113855,Fantasy
tt0114069,Action
tt0114069,Drama
tt0114069,Thriller
tt0114148,Adventure
tt0114148,Animation
tt0114148,Drama
tt0114369,Crime
tt0114369,Drama
tt0114369,Mystery
tt0114388,Drama
tt0114388,Romance
tt0114709,Adventure
tt0114709,Animation
tt0114709,Comedy
tt0114746,Mystery
tt0114746,Sci-Fi
tt0114746,Thriller
tt0114814,Crime
tt0114814,Drama
tt0114814,Mystery
tt0114898,Action
tt0114898,Adventure
tt0114898,Sci-Fi
tt0114924,Comedy
tt0114924,Drama
tt0114924,Romance
tt0115433,Adventure
tt0115433,Comedy
tt0115433,Crime
tt0115798,Comedy
tt0115798,Drama
tt0115798,Thriller
tt0116209,Drama
tt0116209,Romance
tt0116209,War
tt0116213,Action
tt0116213,Crime
tt0116213,Thriller
tt0116282,Crime
tt0116282,Thriller
tt0116367,Action
tt0116367,Crime
tt0116367,Horror
tt0116483,Comedy
tt0116483,Sport
tt0116583,Animation
tt0116583,Drama
tt0116583,Family
tt0116629,Action
tt0116629,Adventure
tt0116629,Sci-Fi
tt0116695,Comedy
tt0116695,Drama
tt0116695,Romance
tt0116705,Adventure
tt0116705,Comedy
tt0116705,Family
tt0116922,Mystery
tt0116922,Thriller
tt0116996,Comedy
tt0116996,Sci-Fi
tt0117008,Comedy
tt0117008,Family
tt0117008,Fantasy
tt0117060,Action
tt0117060,Adventure
tt0117060,Thriller
tt0117218,Comedy
tt0117218,Romance
tt0117218,Sci-Fi
tt0117381,Crime
tt0117381,Drama
tt0117381,Mystery
tt0117438,Action
tt0117438,Crime
tt0117438,Thriller
tt0117500,Action
tt0117500,Adventure
tt0117500,Thriller
tt0117509,Drama
tt0117509,Romance
tt0117571,Horror
tt0117571,Mystery
tt0117665,Crime
tt0117665,Drama
tt0117665,Thriller
tt0117705,Adventure
tt0117705,Animation
tt0117705,Comedy
tt0117731,Action
tt0117731,Adventure
tt0117731,Drama
tt0117913,Crime
tt0117913,Drama
tt0117913,Thriller
tt0117951,Drama
tt0117998,Action
tt0117998,Adventure
tt0117998,Thriller
tt0118571,Action
tt0118571,Drama
tt0118571,Thriller
tt0118583,Action
tt0118583,Horror
tt0118583,Sci-Fi
tt0118615,Action
tt0118615,Adventure
tt0118615,Horror
tt0118617,Adventure
tt0118617,Animation
tt0118617,Drama
tt0118655,Adventure
tt0118655,Comedy
tt0118688,Action
tt0118688,Sci-Fi
tt0118689,Adventure
tt0118689,Comedy
tt0118689,Family
tt0118694,Drama
tt0118694,Romance
tt0118715,Comedy
tt0118715,Crime
tt0118749,Drama
tt0118799,Comedy
tt0118799,Drama
tt0118799,Romance
tt0118842,Comedy
tt0118842,Drama
tt0118842,Romance
tt0118880,Action
tt0118880,Crime
tt0118880,Thriller
tt0118884,Drama
tt0118884,Mystery
tt0118884,Sci-Fi
tt0118929,Fantasy
tt0118929,Mystery
tt0118929,Sci-Fi
tt0118971,Drama
tt0118971,Mystery
tt0118971,Thriller
tt0119008,Biography
tt0119008,Crime
tt0119008,Drama
tt0119081,Horror
tt0119081,Sci-Fi
tt0119081,Thriller
tt0119094,Action
tt0119094,Crime
tt0119094,Sci-Fi
tt0119116,Action
tt0119116,Adventure
tt0119116,Sci-Fi
tt0119164,Comedy
tt0119164,Drama
tt0119174,Drama
tt0119174,Mystery
tt0119174,Thriller
tt0119177,Drama
tt0119177,Sci-Fi
tt0119177,Thriller
tt0119217,Drama
tt0119217,Romance
tt0119282,Adventure
tt0119282,Animation
tt0119282,Comedy
tt0119303,Action
tt0119303,Comedy
tt0119303,Crime
tt0119345,Horror
tt0119345,Mystery
tt0119395,Action
tt0119395,Crime
tt0119395,Drama
tt0119396,Crime
tt0119396,Drama
tt0119396,Thriller
tt0119488,Crime
tt0119488,Drama
tt0119488,Mystery
tt0119528,Comedy
tt0119528,Fantasy
tt0119567,Action
tt0119567,Adventure
tt0119567,Sci-Fi
tt0119643,Drama
tt0119643,Fantasy
tt0119643,Romance
tt0119654,Action
tt0119654,Adventure
tt0119654,Comedy
tt0119698,Action
tt0119698,Adventure
tt0119698,Animation
tt0119738,Comedy
tt0119738,Drama
tt0119738,Romance
tt0119822,Comedy
tt0119822,Drama
tt0119822,Romance
tt0120082,Horror
tt0120082,Mystery
tt0120102,Adventure
tt0120102,Biography
tt0120102,Drama
tt0120184,Action
tt0120184,Mystery
tt0120184,Sci-Fi
tt0120188,Action
tt0120188,Adventure
tt0120188,Comedy
tt0120201,Action
tt0120201,Adventure
tt0120201,Sci-Fi
tt0120338,Drama
tt0120338,Romance
tt0120347,Action
tt0120347,Adventure
tt0120347,Thriller
tt0120363,Adventure
tt0120363,Animation
tt0120363,Comedy
tt0120382,Comedy
tt0120382,Drama
tt0120484,Comedy
tt0120484,Sport
tt0120586,Drama
tt0120587,Adventure
tt0120587,Animation
tt0120587,Comedy
tt0120591,Action
tt0120591,Adventure
tt0120591,Sci-Fi
tt0120601,Comedy
tt0120601,Drama
tt0120601,Fantasy
tt0120611,Action
tt0120611,Horror
tt0120611,Sci-Fi
tt0120616,Action
tt0120616,Adventure
tt0120616,Fantasy
tt0120623,Adventure
tt0120623,Animation
tt0120623,Comedy
tt0120630,Adventure
tt0120630,Animation
tt0120630,Comedy
tt0120632,Drama
tt0120632,Fantasy
tt0120632,Romance
tt0120647,Action
tt0120647,Drama
tt0120647,Sci-Fi
tt0120655,Adventure
tt0120655,Comedy
tt0120655,Drama
tt0120657,Action
tt0120657,Adventure
tt0120657,History
tt0120660,Action
tt0120660,Thriller
tt0120663,Drama
tt0120663,Mystery
tt0120663,Thriller
tt0120667,Action
tt0120667,Adventure
tt0120667,Fantasy
tt0120669,Adventure
tt0120669,Comedy
tt0120669,Drama
tt0120681,Horror
tt0120681,Mystery
tt0120681,Thriller
tt0120685,Action
tt0120685,Sci-Fi
tt0120685,Thriller
tt0120689,Crime
tt0120689,Drama
tt0120689,Fantasy
tt0120735,Action
tt0120735,Comedy
tt0120735,Crime
tt0120737,Action
tt0120737,Adventure
tt0120737,Drama
tt0120744,Action
tt0120744,Adventure
tt0120744,Drama
tt0120746,Action
tt0120746,Adventure
tt0120746,Comedy
tt0120755,Action
tt0120755,Adventure
tt0120755,Thriller
tt0120762,Adventure
tt0120762,Animation
tt0120762,Comedy
tt0120768,Action
tt0120768,Crime
tt0120768,Drama
tt0120783,Adventure
tt0120783,Comedy
tt0120783,Drama
tt0120784,Action
tt0120784,Crime
tt0120784,Drama
tt0120789,Comedy
tt0120789,Drama
tt0120789,Fantasy
tt0120794,Adventure
tt0120794,Animation
tt0120794,Drama
tt0120804,Action
tt0120804,Horror
tt0120804,Sci-Fi
tt0120812,Action
tt0120812,Comedy
tt0120812,Crime
tt0120815,Drama
tt0120815,War
tt0120855,Adventure
tt0120855,Animation
tt0120855,Comedy
tt0120863,Drama
tt0120863,History
tt0120863,War
tt0120873,Action
tt0120873,Crime
tt0120873,Thriller
tt0120888,Comedy
tt0120888,Music
tt0120888,Romance
tt0120889,Drama
tt0120889,Fantasy
tt0120889,Romance
tt0120890,Crime
tt0120890,Drama
tt0120890,Mystery
tt0120891,Action
tt0120891,Comedy
tt0120891,Sci-Fi
tt0120902,Drama
tt0120902,Mystery
tt0120902,Sci-Fi
tt0120903,Action
tt0120903,Adventure
tt0120903,Sci-Fi
tt0120912,Action
tt0120912,Adventure
tt0120912,Comedy
tt0120915,Action
tt0120915,Adventure
tt0120915,Fantasy
tt0120917,Adventure
tt0120917,Animation
tt0120917,Comedy
tt0121164,Animation
tt0121164,Drama
tt0121164,Family
tt0121765,Action
tt0121765,Adventure
tt0121765,Fantasy
tt0121766,Action
tt0121766,Adventure
tt0121766,Fantasy
tt0122151,Action
tt0122151,Crime
tt0122151,Thriller
tt0122690,Action
tt0122690,Crime
tt0122690,Thriller
tt0122933,Comedy
tt0122933,Crime
tt0123755,Drama
tt0123755,Horror
tt0123755,Mystery
tt0125439,Comedy
tt0125439,Drama
tt0125439,Romance
tt0125664,Biography
tt0125664,Comedy
tt0125664,Drama
tt0126029,Adventure
tt0126029,Animation
tt0126029,Comedy
tt0128442,Crime
tt0128442,Drama
tt0128445,Comedy
tt0128445,Drama
tt0128445,Romance
tt0128853,Comedy
tt0128853,Drama
tt0128853,Romance
tt0129167,Action
tt0129167,Adventure
tt0129167,Animation
tt0129290,Biography
tt0129290,Comedy
tt0129290,Drama
tt0129387,Comedy
tt0129387,Romance
tt0130827,Crime
tt0130827,Drama
tt0130827,Thriller
tt0133093,Action
tt0133093,Sci-Fi
tt0133152,Action
tt0133152,Adventure
tt0133152,Sci-Fi
tt0133240,Adventure
tt0133240,Animation
tt0133240,Family
tt0133751,Horror
tt0133751,Mystery
tt0133751,Sci-Fi
tt0134084,Horror
tt0134084,Mystery
tt0134119,Crime
tt0134119,Drama
tt0134119,Thriller
tt0134273,Crime
tt0134273,Drama
tt0134273,Mystery
tt0134847,Action
tt0134847,Horror
tt0134847,Sci-Fi
tt0137494,Action
tt0137494,Crime
tt0137494,Romance
tt0137523,Drama
tt0138097,Comedy
tt0138097,Drama
tt0138097,History
tt0138704,Drama
tt0138704,Horror
tt0138704,Mystery
tt0139134,Drama
tt0139134,Romance
tt0139654,Action
tt0139654,Crime
tt0139654,Drama
tt0140352,Biography
tt0140352,Drama
tt0140352,Thriller
tt0142342,Comedy
tt0142342,Drama
tt0142688,Mystery
tt0142688,Thriller
tt0143145,Action
tt0143145,Adventure
tt0143145,Thriller
tt0144084,Crime
tt0144084,Drama
tt0144084,Horror
tt0144117,Action
tt0144117,Thriller
tt0145487,Action
tt0145487,Adventure
tt0145487,Sci-Fi
tt0145660,Action
tt0145660,Adventure
tt0145660,Comedy
tt0145681,Crime
tt0145681,Drama
tt0145681,Mystery
tt0146316,Action
tt0146316,Adventure
tt0146316,Fantasy
tt0146675,Action
tt0146675,Fantasy
tt0146675,Horror
tt0146838,Drama
tt0146838,Sport
tt0146882,Comedy
tt0146882,Drama
tt0146882,Music
tt0147800,Comedy
tt0147800,Drama
tt0147800,Romance
tt0149261,Action
tt0149261,Adventure
tt0149261,Sci-Fi
tt0151804,Comedy
tt0158983,Animation
tt0158983,Comedy
tt0158983,Fantasy
tt0159097,Drama
tt0159097,Romance
tt0159273,Action
tt0159273,Drama
tt0159273,Thriller
tt0159365,Adventure
tt0159365,Drama
tt0159365,History
tt0160127,Action
tt0160127,Adventure
tt0160127,Comedy
tt0161081,Drama
tt0161081,Horror
tt0161081,Mystery
tt0162222,Adventure
tt0162222,Drama
tt0162222,Romance
tt0162346,Comedy
tt0162346,Drama
tt0162661,Fantasy
tt0162661,Horror
tt0162661,Mystery
tt0163025,Action
tt0163025,Adventure
tt0163025,Sci-Fi
tt0163651,Comedy
tt0163978,Adventure
tt0163978,Drama
tt0163978,Romance
tt0164052,Action
tt0164052,Horror
tt0164052,Sci-Fi
tt0164184,Action
tt0164184,Drama
tt0164184,Thriller
tt0164912,Adventure
tt0164912,Comedy
tt0164912,Family
tt0166924,Drama
tt0166924,Mystery
tt0166924,Thriller
tt0167190,Action
tt0167190,Adventure
tt0167190,Fantasy
tt0167260,Action
tt0167260,Adventure
tt0167260,Drama
tt0167261,Action
tt0167261,Adventure
tt0167261,Drama
tt0167404,Drama
tt0167404,Mystery
tt0167404,Thriller
tt0168629,Crime
tt0168629,Drama
tt0168629,Musical
tt0169102,Drama
tt0169102,Musical
tt0169102,Sport
tt0169547,Drama
tt0170016,Comedy
tt0170016,Family
tt0170016,Fantasy
tt0172156,Action
tt0172156,Comedy
tt0172156,Crime
tt0172493,Biography
tt0172493,Drama
tt0172495,Action
tt0172495,Adventure
tt0172495,Drama
tt0175142,Comedy
tt0175880,Drama
tt0177789,Adventure
tt0177789,Comedy
tt0177789,Sci-Fi
tt0177971,Action
tt0177971,Adventure
tt0177971,Drama
tt0180093,Drama
tt0181689,Action
tt0181689,Crime
tt0181689,Mystery
tt0181852,Action
tt0181852,Sci-Fi
tt0181865,Crime
tt0181865,Drama
tt0181865,Thriller
tt0181875,Adventure
tt0181875,Comedy
tt0181875,Drama
tt0182789,Comedy
tt0182789,Drama
tt0182789,Sci-Fi
tt0183505,Comedy
tt0183649,Crime
tt0183649,Thriller
tt0183790,Action
tt0183790,Adventure
tt0183790,Romance
tt0184894,Action
tt0184894,Adventure
tt0184894,Comedy
tt0185431,Comedy
tt0185431,Fantasy
tt0185937,Horror
tt0185937,Mystery
tt0186151,Crime
tt0186151,Drama
tt0186151,Mystery
tt0187078,Action
tt0187078,Crime
tt0187078,Thriller
tt0187393,Action
tt0187393,Drama
tt0187393,History
tt0187738,Action
tt0187738,Horror
tt0187738,Sci-Fi
tt0190138,Comedy
tt0190138,Crime
tt0190332,Action
tt0190332,Adventure
tt0190332,Drama
tt0190590,Adventure
tt0190590,Comedy
tt0190590,Crime
tt0195685,Biography
tt0195685,Drama
tt0195714,Horror
tt0195714,Thriller
tt0196229,Comedy
tt0198781,Adventure
tt0198781,Animation
tt0198781,Comedy
tt0200465,Crime
tt0200465,Drama
tt0200465,Thriller
tt0200550,Comedy
tt0200550,Drama
tt0200550,Music
tt0203009,Drama
tt0203009,Musical
tt0203009,Romance
tt0203019,Biography
tt0203019,Drama
tt0206634,Action
tt0206634,Drama
tt0206634,Sci-Fi
tt0207201,Comedy
tt0207201,Fantasy
tt0207201,Romance
tt0208092,Comedy
tt0208092,Crime
tt0209144,Mystery
tt0209144,Thriller
tt0209163,Action
tt0209163,Adventure
tt0209163,Fantasy
tt0209958,Crime
tt0209958,Horror
tt0209958,Sci-Fi
tt0210945,Biography
tt0210945,Drama
tt0210945,Sport
tt0211915,Comedy
tt0211915,Romance
tt0212338,Comedy
tt0212338,Romance
tt0212346,Action
tt0212346,Comedy
tt0212346,Crime
tt0212720,Drama
tt0212720,Sci-Fi
tt0212985,Crime
tt0212985,Drama
tt0212985,Thriller
tt0213149,Action
tt0213149,Drama
tt0213149,History
tt0215129,Comedy
tt0215750,Action
tt0215750,Drama
tt0215750,War
tt0216216,Action
tt0216216,Mystery
tt0216216,Sci-Fi
tt0217505,Crime
tt0217505,Drama
tt0217869,Drama
tt0217869,Mystery
tt0217869,Sci-Fi
tt0218967,Comedy
tt0218967,Drama
tt0218967,Fantasy
tt0221027,Biography
tt0221027,Crime
tt0221027,Drama
tt0223897,Drama
tt0227445,Action
tt0227445,Crime
tt0227445,Drama
tt0227538,Action
tt0227538,Adventure
tt0227538,Comedy
tt0230011,Action
tt0230011,Adventure
tt0230011,Animation
tt0230030,Comedy
tt0230030,Fantasy
tt0230600,Horror
tt0230600,Mystery
tt0230600,Thriller
tt0232500,Action
tt0232500,Crime
tt0232500,Thriller
tt0234215,Action
tt0234215,Sci-Fi
tt0236493,Adventure
tt0236493,Comedy
tt0236493,Crime
tt0238380,Action
tt0238380,Drama
tt0238380,Sci-Fi
tt0240772,Crime
tt0240772,Thriller
tt0240890,Comedy
tt0240890,Romance
tt0241303,Drama
tt0241303,Romance
tt0241527,Adventure
tt0241527,Family
tt0241527,Fantasy
tt0242423,Comedy
tt0242423,Mystery
tt0242423,Sci-Fi
tt0242653,Action
tt0242653,Sci-Fi
tt0243133,Crime
tt0243133,Drama
tt0243155,Comedy
tt0243155,Drama
tt0243155,Romance
tt0244244,Action
tt0244244,Crime
tt0244244,Thriller
tt0245429,Adventure
tt0245429,Animation
tt0245429,Family
tt0245574,Drama
tt0245712,Drama
tt0245712,Thriller
tt0245844,Action
tt0245844,Adventure
tt0245844,Drama
tt0246460,Action
tt0246460,Adventure
tt0246460,Thriller
tt0246578,Drama
tt0246578,Mystery
tt0246578,Sci-Fi
tt0247638,Comedy
tt0247638,Family
tt0247638,Romance
tt0247745,Comedy
tt0247745,Crime
tt0247745,Mystery
tt0249462,Drama
tt0249462,Music
tt0250494,Comedy
tt0250494,Romance
tt0250687,Action
tt0250687,Adventure
tt0250687,Comedy
tt0251075,Comedy
tt0251075,Sci-Fi
tt0251127,Comedy
tt0251127,Romance
tt0251160,Crime
tt0251160,Drama
tt0251160,Thriller
tt0252866,Comedy
tt0253474,Biography
tt0253474,Drama
tt0253474,Music
tt0253556,Action
tt0253556,Adventure
tt0253556,Fantasy
tt0256380,Comedy
tt0256380,Drama
tt0256380,Fantasy
tt0256415,Comedy
tt0256415,Romance
tt0257044,Crime
tt0257044,Drama
tt0257044,Thriller
tt0257076,Action
tt0257076,Adventure
tt0257076,Crime
tt0257106,Comedy
tt0257360,Comedy
tt0257360,Drama
tt0258000,Crime
tt0258000,Drama
tt0258000,Thriller
tt0258463,Action
tt0258463,Mystery
tt0258463,Thriller
tt0259324,Action
tt0259324,Fantasy
tt0259324,Thriller
tt0259446,Comedy
tt0259446,Drama
tt0259446,Romance
tt0259711,Fantasy
tt0259711,Mystery
tt0259711,Romance
tt0261392,Comedy
tt0263488,Horror
tt0263488,Mystery
tt0264464,Biography
tt0264464,Crime
tt0264464,Drama
tt0265086,Action
tt0265086,Drama
tt0265086,History
tt0265208,Comedy
tt0265208,Drama
tt0265208,Romance
tt0265459,Drama
tt0265459,Thriller
tt0265666,Comedy
tt0265666,Drama
tt0266308,Action
tt0266308,Adventure
tt0266308,Drama
tt0266543,Adventure
tt0266543,Animation
tt0266543,Comedy
tt0266697,Action
tt0266697,Crime
tt0266697,Drama
tt0266915,Action
tt0266915,Comedy
tt0266915,Crime
tt0266987,Action
tt0266987,Crime
tt0266987,Thriller
tt0267913,Adventure
tt0267913,Comedy
tt0267913,Family
tt0268126,Comedy
tt0268126,Drama
tt0268380,Adventure
tt0268380,Animation
tt0268380,Comedy
tt0268695,Action
tt0268695,Adventure
tt0268695,Sci-Fi
tt0268978,Biography
tt0268978,Drama
tt0272152,Drama
tt0272152,Mystery
tt0272152,Sci-Fi
tt0272338,Comedy
tt0272338,Drama
tt0272338,Romance
tt0274166,Action
tt0274166,Adventure
tt0274166,Comedy
tt0274558,Drama
tt0274558,Romance
tt0275847,Adventure
tt0275847,Animation
tt0275847,Comedy
tt0276751,Comedy
tt0276751,Drama
tt0276751,Romance
tt0276919,Crime
tt0276919,Drama
tt0277027,Drama
tt0277296,Action
tt0277296,Adventure
tt0277296,Fantasy
tt0277371,Comedy
tt0277434,Action
tt0277434,Drama
tt0277434,History
tt0278504,Drama
tt0278504,Mystery
tt0278504,Thriller
tt0280590,Comedy
tt0280590,Romance
tt0281358,Drama
tt0281358,Romance
tt0283111,Comedy
tt0283111,Romance
tt0285823,Action
tt0285823,Crime
tt0285823,Thriller
tt0286106,Drama
tt0286106,Mystery
tt0286106,Sci-Fi
tt0286499,Comedy
tt0286499,Drama
tt0286499,Romance
tt0286716,Action
tt0286716,Sci-Fi
tt0287467,Drama
tt0287467,Mystery
tt0287467,Romance
tt0287978,Action
tt0287978,Crime
tt0289043,Drama
tt0289043,Horror
tt0289043,Sci-Fi
tt0289765,Crime
tt0289765,Drama
tt0289765,Thriller
tt0289879,Drama
tt0289879,Sci-Fi
tt0289879,Thriller
tt0289992,Crime
tt0289992,Drama
tt0289992,Thriller
tt0290002,Comedy
tt0290002,Romance
tt0290334,Action
tt0290334,Sci-Fi
tt0290334,Thriller
tt0290673,Crime
tt0290673,Drama
tt0290673,Mystery
tt0292506,Action
tt0292506,Thriller
tt0292963,Crime
tt0292963,Drama
tt0292963,Thriller
tt0293429,Action
tt0293429,Adventure
tt0293429,Fantasy
tt0293508,Drama
tt0293508,Musical
tt0293508,Romance
tt0293564,Action
tt0293564,Comedy
tt0293564,Crime
tt0293662,Action
tt0293662,Crime
tt0293662,Thriller
tt0295178,Action
tt0295178,Adventure
tt0295178,Comedy
tt0295297,Adventure
tt0295297,Family
tt0295297,Fantasy
tt0295700,Horror
tt0295700,Thriller
tt0295701,Action
tt0295701,Adventure
tt0295701,Thriller
tt0296572,Action
tt0296572,Adventure
tt0296572,Sci-Fi
tt0298130,Horror
tt0298130,Mystery
tt0298148,Adventure
tt0298148,Animation
tt0298148,Comedy
tt0298203,Drama
tt0298203,Music
tt0299658,Comedy
tt0299658,Crime
tt0299658,Musical
tt0299977,Action
tt0299977,Adventure
tt0299977,Drama
tt0300471,Action
tt0300471,Adventure
tt0300471,Comedy
tt0301357,Comedy
tt0301357,Drama
tt0301357,Romance
tt0302886,Comedy
tt0304141,Adventure
tt0304141,Family
tt0304141,Fantasy
tt0305224,Comedy
tt0305357,Action
tt0305357,Adventure
tt0305357,Comedy
tt0306047,Comedy
tt0307453,Adventure
tt0307453,Animation
tt0307453,Comedy
tt0307901,Drama
tt0307987,Comedy
tt0307987,Crime
tt0307987,Drama
tt0308644,Biography
tt0308644,Drama
tt0308644,Family
tt0309593,Horror
tt0309593,Thriller
tt0309698,Mystery
tt0309698,Thriller
tt0309987,Drama
tt0309987,Romance
tt0310793,Crime
tt0310793,Documentary
tt0310793,Drama
tt0311113,Action
tt0311113,Adventure
tt0311113,Drama
tt0311429,Action
tt0311429,Adventure
tt0311429,Fantasy
tt0312004,Adventure
tt0312004,Animation
tt0312004,Comedy
tt0313737,Comedy
tt0313737,Romance
tt0314331,Comedy
tt0314331,Drama
tt0314331,Romance
tt0314353,Action
tt0314353,Drama
tt0314353,Thriller
tt0315327,Comedy
tt0315327,Fantasy
tt0315733,Crime
tt0315733,Drama
tt0315733,Thriller
tt0316654,Action
tt0316654,Adventure
tt0316654,Sci-Fi
tt0317198,Comedy
tt0317198,Drama
tt0317198,Romance
tt0317219,Adventure
tt0317219,Animation
tt0317219,Comedy
tt0317248,Crime
tt0317248,Drama
tt0317705,Action
tt0317705,Adventure
tt0317705,Animation
tt0317740,Action
tt0317740,Crime
tt0317740,Thriller
tt0317919,Action
tt0317919,Adventure
tt0317919,Thriller
tt0318462,Adventure
tt0318462,Biography
tt0318462,Drama
tt0318627,Action
tt0318627,Horror
tt0318627,Sci-Fi
tt0319061,Adventure
tt0319061,Drama
tt0319061,Fantasy
tt0319262,Action
tt0319262,Adventure
tt0319262,Sci-Fi
tt0319343,Adventure
tt0319343,Comedy
tt0319343,Family
tt0320661,Action
tt0320661,Adventure
tt0320661,Drama
tt0320691,Action
tt0320691,Fantasy
tt0320691,Thriller
tt0322259,Action
tt0322259,Crime
tt0322259,Thriller
tt0322330,Comedy
tt0322330,Family
tt0322330,Fantasy
tt0324216,Crime
tt0324216,Horror
tt0325703,Action
tt0325703,Adventure
tt0325703,Fantasy
tt0325710,Action
tt0325710,Drama
tt0325805,Comedy
tt0325805,Crime
tt0325805,Drama
tt0325980,Action
tt0325980,Adventure
tt0325980,Fantasy
tt0327056,Crime
tt0327056,Drama
tt0327056,Mystery
tt0327084,Adventure
tt0327084,Animation
tt0327084,Comedy
tt0327554,Action
tt0327554,Crime
tt0327554,Fantasy
tt0327597,Animation
tt0327597,Drama
tt0327597,Family
tt0327850,Action
tt0327850,Adventure
tt0327850,Comedy
tt0328107,Action
tt0328107,Crime
tt0328107,Drama
tt0328828,Comedy
tt0328880,Adventure
tt0328880,Animation
tt0328880,Comedy
tt0329101,Action
tt0329101,Horror
tt0330373,Adventure
tt0330373,Family
tt0330373,Fantasy
tt0330793,Action
tt0330793,Crime
tt0330793,Drama
tt0332280,Drama
tt0332280,Romance
tt0332379,Comedy
tt0332379,Music
tt0332452,Drama
tt0332452,History
tt0333766,Comedy
tt0333766,Drama
tt0333766,Romance
tt0335245,Comedy
tt0335245,Crime
tt0335245,Thriller
tt0335266,Comedy
tt0335266,Drama
tt0335345,Drama
tt0335438,Comedy
tt0335438,Crime
tt0337563,Comedy
tt0337563,Fantasy
tt0337563,Romance
tt0337741,Comedy
tt0337741,Drama
tt0337741,Romance
tt0337978,Action
tt0337978,Thriller
tt0338013,Drama
tt0338013,Romance
tt0338013,Sci-Fi
tt0338337,Action
tt0338337,Mystery
tt0338337,Sci-Fi
tt0338348,Adventure
tt0338348,Animation
tt0338348,Comedy
tt0338526,Action
tt0338526,Adventure
tt0338526,Fantasy
tt0338564,Action
tt0338564,Crime
tt0338564,Drama
tt0338751,Biography
tt0338751,Drama
tt0339291,Adventure
tt0339291,Comedy
tt0339291,Family
tt0340163,Action
tt0340163,Crime
tt0340163,Drama
tt0340855,Biography
tt0340855,Crime
tt0340855,Drama
tt0342258,Action
tt0342258,Crime
tt0342258,Drama
tt0343135,Comedy
tt0343135,Romance
tt0343660,Comedy
tt0343660,Drama
tt0343660,Romance
tt0343737,Drama
tt0343737,History
tt0343737,Thriller
tt0343818,Action
tt0343818,Mystery
tt0343818,Sci-Fi
tt0346491,Action
tt0346491,Biography
tt0346491,Drama
tt0347149,Adventure
tt0347149,Animation
tt0347149,Family
tt0348150,Action
tt0348150,Adventure
tt0348150,Sci-Fi
tt0348836,Horror
tt0348836,Mystery
tt0348836,Thriller
tt0349683,Action
tt0349683,Adventure
tt0349683,Drama
tt0349903,Crime
tt0349903,Thriller
tt0350258,Biography
tt0350258,Drama
tt0350258,Music
tt0351283,Adventure
tt0351283,Animation
tt0351283,Comedy
tt0352248,Biography
tt0352248,Drama
tt0352248,History
tt0353969,Crime
tt0353969,Drama
tt0353969,Mystery
tt0355295,Action
tt0355295,Adventure
tt0355295,Comedy
tt0356150,Comedy
tt0356910,Action
tt0356910,Comedy
tt0356910,Crime
tt0357413,Comedy
tt0358082,Adventure
tt0358082,Animation
tt0358082,Comedy
tt0358273,Biography
tt0358273,Drama
tt0358273,Music
tt0359013,Action
tt0359013,Horror
tt0359013,Sci-Fi
tt0359950,Adventure
tt0359950,Comedy
tt0359950,Drama
tt0360486,Action
tt0360486,Fantasy
tt0360486,Horror
tt0360717,Action
tt0360717,Adventure
tt0360717,Drama
tt0361596,Documentary
tt0361596,Drama
tt0361596,War
tt0361748,Adventure
tt0361748,Drama
tt0361748,War
tt0361862,Drama
tt0361862,Thriller
tt0362120,Comedy
tt0362227,Comedy
tt0362227,Drama
tt0362227,Romance
tt0362270,Action
tt0362270,Adventure
tt0362270,Comedy
tt0363163,Biography
tt0363163,Drama
tt0363163,History
tt0363547,Action
tt0363547,Horror
tt0363771,Adventure
tt0363771,Family
tt0363771,Fantasy
tt0363988,Drama
tt0363988,Mystery
tt0363988,Thriller
tt0364569,Action
tt0364569,Drama
tt0364569,Mystery
tt0364725,Comedy
tt0364725,Sport
tt0365737,Drama
tt0365737,Thriller
tt0365748,Comedy
tt0365748,Horror
tt0365830,Adventure
tt0365830,Comedy
tt0365830,Music
tt0365907,Action
tt0365907,Crime
tt0365907,Drama
tt0366548,Adventure
tt0366548,Animation
tt0366548,Comedy
tt0366551,Adventure
tt0366551,Comedy
tt0366627,Drama
tt0366627,Fantasy
tt0366627,Mystery
tt0367594,Adventure
tt0367594,Comedy
tt0367594,Family
tt0367882,Action
tt0367882,Adventure
tt0367959,Adventure
tt0367959,Crime
tt0367959,Drama
tt0368008,Drama
tt0368008,Mystery
tt0368008,Sci-Fi
tt0368447,Drama
tt0368447,Mystery
tt0368447,Thriller
tt0368891,Action
tt0368891,Adventure
tt0368891,Mystery
tt0369339,Action
tt0369339,Crime
tt0369339,Drama
tt0369441,Comedy
tt0369441,Crime
tt0369610,Action
tt0369610,Adventure
tt0369610,Sci-Fi
tt0370263,Action
tt0370263,Adventure
tt0370263,Horror
tt0371724,Adventure
tt0371724,Comedy
tt0371724,Sci-Fi
tt0371746,Action
tt0371746,Adventure
tt0371746,Sci-Fi
tt0372183,Action
tt0372183,Mystery
tt0372183,Thriller
tt0372588,Action
tt0372588,Comedy
tt0372784,Action
tt0372784,Crime
tt0372784,Drama
tt0373051,Action
tt0373051,Adventure
tt0373051,Family
tt0373074,Action
tt0373074,Comedy
tt0373074,Fantasy
tt0373469,Comedy
tt0373469,Crime
tt0373469,Mystery
tt0373883,Horror
tt0373889,Action
tt0373889,Adventure
tt0373889,Family
tt0373926,Crime
tt0373926,Mystery
tt0373926,Thriller
tt0374900,Comedy
tt0375063,Comedy
tt0375063,Drama
tt0375063,Romance
tt0375679,Crime
tt0375679,Drama
tt0375679,Thriller
tt0375912,Action
tt0375912,Crime
tt0375912,Drama
tt0376136,Comedy
tt0376136,Drama
tt0376541,Drama
tt0376541,Romance
tt0376994,Action
tt0376994,Adventure
tt0376994,Sci-Fi
tt0377092,Comedy
tt0378194,Action
tt0378194,Crime
tt0378194,Thriller
tt0379725,Biography
tt0379725,Crime
tt0379725,Drama
tt0379786,Action
tt0379786,Adventure
tt0379786,Sci-Fi
tt0380510,Drama
tt0380510,Fantasy
tt0380510,Thriller
tt0381061,Action
tt0381061,Adventure
tt0381061,Thriller
tt0381681,Drama
tt0381681,Romance
tt0381707,Comedy
tt0381707,Crime
tt0381849,Action
tt0381849,Crime
tt0381849,Drama
tt0382625,Mystery
tt0382625,Thriller
tt0382932,Adventure
tt0382932,Animation
tt0382932,Comedy
tt0383574,Action
tt0383574,Adventure
tt0383574,Fantasy
tt0384537,Horror
tt0384537,Mystery
tt0384793,Comedy
tt0384806,Horror
tt0385002,Crime
tt0385002,Drama
tt0385002,Sport
tt0385004,Action
tt0385004,Adventure
tt0385004,Drama
tt0385752,Adventure
tt0385752,Family
tt0385752,Fantasy
tt0385880,Animation
tt0385880,Comedy
tt0385880,Family
tt0386117,Adventure
tt0386117,Drama
tt0386117,Family
tt0386140,Action
tt0386140,Adventure
tt0386140,Romance
tt0386588,Comedy
tt0386588,Romance
tt0387131,Drama
tt0387131,Mystery
tt0387131,Romance
tt0387564,Horror
tt0387564,Mystery
tt0387564,Thriller
tt0387808,Adventure
tt0387808,Comedy
tt0387808,Sci-Fi
tt0388482,Action
tt0388482,Crime
tt0388482,Thriller
tt0388795,Drama
tt0388795,Romance
tt0389722,Action
tt0389722,Horror
tt0389722,Thriller
tt0389790,Adventure
tt0389790,Animation
tt0389790,Comedy
tt0389860,Comedy
tt0389860,Drama
tt0389860,Fantasy
tt0390384,Drama
tt0390384,Sci-Fi
tt0390384,Thriller
tt0390521,Documentary
tt0391198,Horror
tt0391198,Mystery
tt0391198,Thriller
tt0393109,Action
tt0393109,Crime
tt0393109,Drama
tt0393162,Biography
tt0393162,Drama
tt0393162,Sport
tt0395169,Biography
tt0395169,Drama
tt0395169,History
tt0396171,Crime
tt0396171,Drama
tt0396171,Fantasy
tt0396269,Comedy
tt0396269,Romance
tt0397065,Horror
tt0397065,Thriller
tt0397101,Drama
tt0397101,Horror
tt0397101,Mystery
tt0397535,Drama
tt0397535,Romance
tt0397892,Adventure
tt0397892,Animation
tt0397892,Comedy
tt0398165,Comedy
tt0398165,Crime
tt0398165,Sport
tt0398286,Adventure
tt0398286,Animation
tt0398286,Comedy
tt0398808,Drama
tt0398808,Family
tt0398808,Fantasy
tt0399146,Action
tt0399146,Crime
tt0399146,Drama
tt0399201,Action
tt0399201,Sci-Fi
tt0399201,Thriller
tt0399295,Crime
tt0399295,Drama
tt0401383,Biography
tt0401383,Drama
tt0401729,Action
tt0401729,Adventure
tt0401729,Sci-Fi
tt0401792,Crime
tt0401792,Thriller
tt0401855,Action
tt0401855,Fantasy
tt0401855,Thriller
tt0402022,Action
tt0402022,Adventure
tt0402022,Sci-Fi
tt0404032,Drama
tt0404032,Horror
tt0404032,Thriller
tt0404203,Drama
tt0404203,Romance
tt0405094,Drama
tt0405094,Mystery
tt0405094,Thriller
tt0405159,Drama
tt0405159,Sport
tt0405296,Animation
tt0405296,Crime
tt0405296,Drama
tt0405422,Comedy
tt0405422,Romance
tt0405508,Comedy
tt0405508,Crime
tt0405508,Drama
tt0406375,Action
tt0406375,Adventure
tt0406375,Comedy
tt0407304,Action
tt0407304,Adventure
tt0407304,Sci-Fi
tt0407887,Crime
tt0407887,Drama
tt0407887,Thriller
tt0408236,Drama
tt0408236,Horror
tt0408236,Musical
tt0408306,Action
tt0408306,Drama
tt0408306,History
tt0408790,Drama
tt0408790,Mystery
tt0408790,Thriller
tt0409182,Action
tt0409182,Adventure
tt0409182,Thriller
tt0409459,Action
tt0409459,Drama
tt0409459,Mystery
tt0409847,Action
tt0409847,Sci-Fi
tt0409847,Thriller
tt0410297,Drama
tt0410297,Fantasy
tt0410297,Romance
tt0411477,Action
tt0411477,Adventure
tt0411477,Fantasy
tt0412019,Comedy
tt0412019,Drama
tt0412019,Mystery
tt0413099,Comedy
tt0413099,Family
tt0413099,Fantasy
tt0413267,Adventure
tt0413267,Animation
tt0413267,Comedy
tt0413300,Action
tt0413300,Adventure
tt0413300,Sci-Fi
tt0414387,Drama
tt0414387,Romance
tt0414982,Horror
tt0414982,Mystery
tt0414982,Thriller
tt0414993,Drama
tt0414993,Mystery
tt0414993,Romance
tt0415306,Comedy
tt0415306,Sport
tt0416320,Drama
tt0416320,Romance
tt0416320,Thriller
tt0416449,Action
tt0416449,Drama
tt0417148,Action
tt0417148,Adventure
tt0417148,Crime
tt0417741,Action
tt0417741,Adventure
tt0417741,Family
tt0418279,Action
tt0418279,Adventure
tt0418279,Sci-Fi
tt0418689,Action
tt0418689,Adventure
tt0418689,Drama
tt0418763,Biography
tt0418763,Drama
tt0418763,War
tt0419706,Action
tt0419706,Horror
tt0419706,Sci-Fi
tt0420223,Comedy
tt0420223,Drama
tt0420223,Fantasy
tt0421073,Action
tt0421073,Crime
tt0421073,Thriller
tt0421239,Thriller
tt0421715,Drama
tt0421715,Fantasy
tt0421715,Romance
tt0422720,Biography
tt0422720,Drama
tt0422720,History
tt0424095,Action
tt0424095,Adventure
tt0424095,Animation
tt0424136,Drama
tt0424136,Thriller
tt0424345,Comedy
tt0425061,Action
tt0425061,Adventure
tt0425061,Comedy
tt0425112,Action
tt0425112,Comedy
tt0425112,Mystery
tt0425123,Comedy
tt0425123,Drama
tt0425123,Fantasy
tt0425210,Crime
tt0425210,Drama
tt0425210,Thriller
tt0426883,Biography
tt0426883,Crime
tt0426883,Drama
tt0426931,Drama
tt0426931,Music
tt0427152,Comedy
tt0427327,Comedy
tt0427327,Drama
tt0427327,Musical
tt0427944,Comedy
tt0427944,Drama
tt0429493,Action
tt0429493,Adventure
tt0429493,Thriller
tt0430105,Action
tt0430105,Crime
tt0430105,Drama
tt0430357,Action
tt0430357,Adventure
tt0430357,Crime
tt0430922,Comedy
tt0431197,Action
tt0431197,Drama
tt0431197,Thriller
tt0431308,Comedy
tt0431308,Drama
tt0431308,Romance
tt0432021,Action
tt0432021,Adventure
tt0432021,Horror
tt0432283,Adventure
tt0432283,Animation
tt0432283,Comedy
tt0432348,Horror
tt0432348,Mystery
tt0433035,Action
tt0433035,Drama
tt0433035,Sci-Fi
tt0433362,Action
tt0433362,Horror
tt0433362,Sci-Fi
tt0433400,Comedy
tt0433400,Romance
tt0434409,Action
tt0434409,Drama
tt0434409,Sci-Fi
tt0435625,Adventure
tt0435625,Horror
tt0435625,Thriller
tt0435651,Drama
tt0435651,Romance
tt0435651,Sci-Fi
tt0435705,Action
tt0435705,Sci-Fi
tt0435705,Thriller
tt0435761,Adventure
tt0435761,Animation
tt0435761,Comedy
tt0436697,Biography
tt0436697,Drama
tt0437086,Action
tt0437086,Adventure
tt0437086,Sci-Fi
tt0438097,Adventure
tt0438097,Animation
tt0438097,Comedy
tt0438488,Action
tt0438488,Sci-Fi
tt0440963,Action
tt0440963,Mystery
tt0440963,Thriller
tt0441773,Action
tt0441773,Adventure
tt0441773,Animation
tt0442933,Action
tt0442933,Adventure
tt0442933,Animation
tt0443272,Biography
tt0443272,Drama
tt0443272,History
tt0443274,Action
tt0443274,Crime
tt0443274,Drama
tt0443453,Comedy
tt0443543,Drama
tt0443543,Fantasy
tt0443543,Mystery
tt0443649,Action
tt0443649,Adventure
tt0443649,Drama
tt0443680,Biography
tt0443680,Crime
tt0443680,Drama
tt0443706,Crime
tt0443706,Drama
tt0443706,Mystery
tt0445922,Drama
tt0445922,Fantasy
tt0445922,History
tt0445934,Comedy
tt0445934,Sport
tt0446029,Action
tt0446029,Comedy
tt0446029,Fantasy
tt0448011,Action
tt0448011,Mystery
tt0448011,Sci-Fi
tt0448115,Action
tt0448115,Adventure
tt0448115,Comedy
tt0448134,Sci-Fi
tt0448134,Thriller
tt0448157,Action
tt0448157,Drama
tt0448157,Fantasy
tt0448694,Adventure
tt0448694,Animation
tt0448694,Comedy
tt0449010,Action
tt0449010,Adventure
tt0449010,Family
tt0449059,Comedy
tt0449059,Drama
tt0449088,Action
tt0449088,Adventure
tt0449088,Fantasy
tt0449467,Drama
tt0450232,Action
tt0450232,Drama
tt0450232,Thriller
tt0450259,Adventure
tt0450259,Drama
tt0450259,Thriller
tt0450278,Horror
tt0450385,Fantasy
tt0450385,Horror
tt0450385,Mystery
tt0451079,Adventure
tt0451079,Animation
tt0451079,Comedy
tt0451279,Action
tt0451279,Adventure
tt0451279,Fantasy
tt0452594,Comedy
tt0452594,Drama
tt0452594,Romance
tt0452608,Action
tt0452608,Sci-Fi
tt0452608,Thriller
tt0452623,Crime
tt0452623,Drama
tt0452623,Mystery
tt0452694,Comedy
tt0452694,Drama
tt0452694,Fantasy
tt0453451,Comedy
tt0453451,Family
tt0453467,Action
tt0453467,Crime
tt0453467,Sci-Fi
tt0454841,Horror
tt0454841,Thriller
tt0454848,Crime
tt0454848,Drama
tt0454848,Mystery
tt0454876,Adventure
tt0454876,Drama
tt0454876,Fantasy
tt0454921,Biography
tt0454921,Drama
tt0454945,Comedy
tt0454945,Romance
tt0454945,Sport
tt0455407,Horror
tt0455407,Mystery
tt0455407,Thriller
tt0455590,Biography
tt0455590,Drama
tt0455590,History
tt0455824,Adventure
tt0455824,Drama
tt0455824,Romance
tt0455944,Action
tt0455944,Crime
tt0455944,Thriller
tt0457430,Drama
tt0457430,Fantasy
tt0457430,War
tt0457939,Comedy
tt0457939,Romance
tt0458339,Action
tt0458339,Adventure
tt0458339,Sci-Fi
tt0458352,Comedy
tt0458352,Drama
tt0458481,Action
tt0458481,Crime
tt0458481,Thriller
tt0458525,Action
tt0458525,Sci-Fi
tt0460791,Adventure
tt0460791,Drama
tt0460791,Fantasy
tt0461770,Adventure
tt0461770,Animation
tt0461770,Comedy
tt0462322,Action
tt0462322,Horror
tt0462322,Thriller
tt0462499,Action
tt0462499,Adventure
tt0462499,Thriller
tt0462504,Adventure
tt0462504,Biography
tt0462504,War
tt0462538,Adventure
tt0462538,Animation
tt0462538,Comedy
tt0462590,Crime
tt0462590,Drama
tt0462590,Music
tt0463854,Horror
tt0463854,Sci-Fi
tt0463985,Action
tt0463985,Crime
tt0463985,Thriller
tt0464141,Drama
tt0464141,Horror
tt0464141,Mystery
tt0465234,Action
tt0465234,Adventure
tt0465234,Mystery
tt0465494,Action
tt0465494,Crime
tt0465494,Thriller
tt0465538,Crime
tt0465538,Drama
tt0465538,Mystery
tt0465580,Action
tt0465580,Sci-Fi
tt0465580,Thriller
tt0465602,Action
tt0465602,Comedy
tt0465602,Thriller
tt0467197,Action
tt0467197,Adventure
tt0467197,Crime
tt0467200,Biography
tt0467200,Drama
tt0467200,History
tt0467406,Comedy
tt0467406,Drama
tt0468492,Action
tt0468492,Drama
tt0468492,Horror
tt0468569,Action
tt0468569,Crime
tt0468569,Drama
tt0469494,Drama
tt0470752,Drama
tt0470752,Sci-Fi
tt0470752,Thriller
tt0471042,Action
tt0471042,Comedy
tt0471042,Crime
tt0472033,Action
tt0472033,Adventure
tt0472033,Animation
tt0472043,Action
tt0472043,Adventure
tt0472043,Drama
tt0472062,Biography
tt0472062,Comedy
tt0472062,Drama
tt0472399,Action
tt0472399,Crime
tt0472399,Thriller
tt0473075,Action
tt0473075,Adventure
tt0473075,Fantasy
tt0473705,Crime
tt0473705,Drama
tt0473705,Mystery
tt0475276,Action
tt0475276,Drama
tt0475276,History
tt0475290,Comedy
tt0475290,Drama
tt0475290,Mystery
tt0475394,Action
tt0475394,Comedy
tt0475394,Crime
tt0477080,Action
tt0477080,Thriller
tt0477302,Adventure
tt0477302,Drama
tt0477302,Mystery
tt0477347,Adventure
tt0477347,Comedy
tt0477347,Family
tt0477348,Crime
tt0477348,Drama
tt0477348,Thriller
tt0478087,Crime
tt0478087,Drama
tt0478087,History
tt0478304,Drama
tt0478304,Fantasy
tt0478311,Comedy
tt0478311,Romance
tt0478970,Action
tt0478970,Adventure
tt0478970,Comedy
tt0479143,Action
tt0479143,Drama
tt0479143,Sport
tt0479884,Action
tt0479884,Crime
tt0479884,Thriller
tt0479952,Adventure
tt0479952,Animation
tt0479952,Comedy
tt0480025,Crime
tt0480025,Drama
tt0480242,Comedy
tt0480242,Drama
tt0480242,Romance
tt0480249,Action
tt0480249,Drama
tt0480249,Sci-Fi
tt0480687,Comedy
tt0480687,Romance
tt0481369,Crime
tt0481369,Mystery
tt0481369,Thriller
tt0481499,Adventure
tt0481499,Animation
tt0481499,Comedy
tt0481536,Adventure
tt0481536,Comedy
tt0482571,Drama
tt0482571,Mystery
tt0482571,Thriller
tt0482606,Horror
tt0482606,Mystery
tt0482606,Thriller
tt0485947,Drama
tt0485947,Fantasy
tt0485947,Romance
tt0486576,Action
tt0486576,Adventure
tt0486576,Fantasy
tt0486655,Adventure
tt0486655,Family
tt0486655,Fantasy
tt0486822,Crime
tt0486822,Drama
tt0486822,Mystery
tt0486946,Action
tt0486946,Adventure
tt0486946,Comedy
tt0488120,Crime
tt0488120,Drama
tt0488120,Thriller
tt0489099,Action
tt0489099,Adventure
tt0489099,Sci-Fi
tt0489270,Crime
tt0489270,Horror
tt0489270,Mystery
tt0490215,Drama
tt0490215,History
tt0493464,Action
tt0493464,Crime
tt0493464,Thriller
tt0496806,Crime
tt0496806,Thriller
tt0497465,Comedy
tt0497465,Drama
tt0497465,Romance
tt0498380,Action
tt0498380,Adventure
tt0498380,Drama
tt0499448,Action
tt0499448,Adventure
tt0499448,Family
tt0499549,Action
tt0499549,Adventure
tt0499549,Fantasy
tt0756683,Drama
tt0756683,Fantasy
tt0756683,Mystery
tt0758730,Action
tt0758730,Adventure
tt0758730,Horror
tt0758746,Horror
tt0758746,Mystery
tt0758746,Thriller
tt0758752,Comedy
tt0758752,Drama
tt0758752,Romance
tt0758758,Adventure
tt0758758,Biography
tt0758758,Drama
tt0758766,Comedy
tt0758766,Music
tt0758766,Romance
tt0758774,Action
tt0758774,Drama
tt0758774,Thriller
tt0762107,Comedy
tt0762107,Romance
tt0765010,Drama
tt0765010,Thriller
tt0765010,War
tt0765429,Biography
tt0765429,Crime
tt0765429,Drama
tt0765443,Crime
tt0765443,Drama
tt0765443,Thriller
tt0770828,Action
tt0770828,Adventure
tt0770828,Sci-Fi
tt0780504,Action
tt0780504,Drama
tt0780521,Adventure
tt0780521,Animation
tt0780521,Comedy
tt0780536,Comedy
tt0780536,Crime
tt0780536,Drama
tt0780571,Crime
tt0780571,Drama
tt0780571,Thriller
tt0780653,Drama
tt0780653,Fantasy
tt0780653,Horror
tt0783233,Drama
tt0783233,Mystery
tt0783233,Romance
tt0790636,Biography
tt0790636,Drama
tt0790686,Horror
tt0790686,Mystery
tt0790724,Action
tt0790724,Mystery
tt0790724,Thriller
tt0790736,Action
tt0790736,Adventure
tt0790736,Comedy
tt0795368,Comedy
tt0795421,Comedy
tt0795421,Musical
tt0795421,Romance
tt0796366,Action
tt0796366,Adventure
tt0796366,Sci-Fi
tt0799949,Adventure
tt0799949,Comedy
tt0799949,Fantasy
tt0800039,Comedy
tt0800039,Drama
tt0800039,Romance
tt0800080,Action
tt0800080,Adventure
tt0800080,Sci-Fi
tt0800320,Action
tt0800320,Adventure
tt0800320,Fantasy
tt0800369,Action
tt0800369,Adventure
tt0800369,Fantasy
tt0803096,Action
tt0803096,Adventure
tt0803096,Fantasy
tt0804497,Comedy
tt0804497,Drama
tt0804497,Romance
tt0805564,Comedy
tt0805564,Drama
tt0805564,Romance
tt0808151,Action
tt0808151,Mystery
tt0808151,Thriller
tt0810819,Biography
tt0810819,Drama
tt0810819,Romance
tt0814255,Adventure
tt0814255,Family
tt0814255,Fantasy
tt0814314,Drama
tt0815236,Comedy
tt0815236,Romance
tt0816442,Drama
tt0816442,War
tt0816692,Adventure
tt0816692,Drama
tt0816692,Sci-Fi
tt0816711,Action
tt0816711,Adventure
tt0816711,Horror
tt0817230,Comedy
tt0817230,Romance
tt0822832,Comedy
tt0822832,Drama
tt0822832,Family
tt0822847,Action
tt0822847,Adventure
tt0822847,Fantasy
tt0822854,Action
tt0822854,Drama
tt0822854,Thriller
tt0824747,Biography
tt0824747,Crime
tt0824747,Drama
tt0825232,Adventure
tt0825232,Comedy
tt0825232,Drama
tt0829150,Action
tt0829150,Drama
tt0829150,Fantasy
tt0829482,Comedy
tt0830515,Action
tt0830515,Adventure
tt0830515,Thriller
tt0831387,Action
tt0831387,Adventure
tt0831387,Sci-Fi
tt0832266,Comedy
tt0832266,Drama
tt0832266,Romance
tt0834001,Action
tt0834001,Fantasy
tt0834001,Thriller
tt0837562,Animation
tt0837562,Comedy
tt0837562,Family
tt0838221,Adventure
tt0838221,Comedy
tt0838221,Drama
tt0838283,Comedy
tt0840361,Crime
tt0840361,Drama
tt0840361,Thriller
tt0842926,Comedy
tt0842926,Drama
tt0842926,Romance
tt0844471,Adventure
tt0844471,Animation
tt0844471,Comedy
tt0848228,Action
tt0848228,Adventure
tt0848228,Sci-Fi
tt0848537,Action
tt0848537,Adventure
tt0848537,Animation
tt0859163,Action
tt0859163,Fantasy
tt0859163,Horror
tt0861739,Action
tt0861739,Crime
tt0861739,Drama
tt0865556,Action
tt0865556,Adventure
tt0865556,Fantasy
tt0870111,Biography
tt0870111,Drama
tt0870111,History
tt0870154,Action
tt0870154,Adventure
tt0870154,Comedy
tt0870984,Drama
tt0870984,Horror
tt0870984,Thriller
tt0876563,Adventure
tt0876563,Animation
tt0876563,Comedy
tt0878804,Biography
tt0878804,Drama
tt0878804,Sport
tt0884328,Horror
tt0884328,Sci-Fi
tt0884328,Thriller
tt0887883,Comedy
tt0887883,Crime
tt0887883,Drama
tt0887912,Drama
tt0887912,Thriller
tt0887912,War
tt0889573,Comedy
tt0889573,Drama
tt0889573,Romance
tt0889583,Comedy
tt0890870,Crime
tt0890870,Horror
tt0890870,Mystery
tt0892769,Action
tt0892769,Adventure
tt0892769,Animation
tt0892782,Action
tt0892782,Adventure
tt0892782,Animation
tt0892791,Adventure
tt0892791,Animation
tt0892791,Comedy
tt0898367,Adventure
tt0898367,Drama
tt0901476,Comedy
tt0901476,Romance
tt0903624,Adventure
tt0903624,Fantasy
tt0905372,Horror
tt0905372,Mystery
tt0905372,Sci-Fi
tt0907657,Drama
tt0907657,Music
tt0907657,Romance
tt0910936,Action
tt0910936,Comedy
tt0910936,Crime
tt0910970,Adventure
tt0910970,Animation
tt0910970,Family
tt0914798,Drama
tt0914798,History
tt0914798,War
tt0918927,Drama
tt0918927,Mystery
tt0918940,Action
tt0918940,Adventure
tt0918940,Drama
tt0926084,Adventure
tt0926084,Family
tt0926084,Fantasy
tt0929632,Drama
tt0936501,Action
tt0936501,Crime
tt0936501,Thriller
tt0938283,Action
tt0938283,Adventure
tt0938283,Family
tt0942385,Action
tt0942385,Comedy
tt0942385,War
tt0944835,Action
tt0944835,Thriller
tt0945513,Action
tt0945513,Drama
tt0945513,Mystery
tt0947798,Drama
tt0947798,Thriller
tt0947810,Action
tt0947810,Drama
tt0947810,Thriller
tt0948470,Action
tt0948470,Adventure
tt0948470,Sci-Fi
tt0949731,Adventure
tt0949731,Sci-Fi
tt0949731,Thriller
tt0955308,Action
tt0955308,Adventure
tt0955308,Drama
tt0959337,Drama
tt0959337,Romance
tt0960144,Comedy
tt0963966,Action
tt0963966,Adventure
tt0963966,Family
tt0964517,Action
tt0964517,Biography
tt0964517,Drama
tt0970179,Adventure
tt0970179,Drama
tt0970179,Family
tt0970416,Drama
tt0970416,Sci-Fi
tt0970416,Thriller
tt0970866,Comedy
tt0970866,Romance
tt0974015,Action
tt0974015,Adventure
tt0974015,Fantasy
tt0974661,Comedy
tt0974661,Drama
tt0974661,Fantasy
tt0976051,Drama
tt0976051,Romance
tt0978762,Animation
tt0978762,Comedy
tt0978762,Drama
tt0978764,Action
tt0978764,Adventure
tt0978764,Fantasy
tt0980970,Adventure
tt0980970,Family
tt0980970,Fantasy
tt0983193,Action
tt0983193,Adventure
tt0983193,Animation
tt0985694,Action
tt0985694,Crime
tt0985694,Thriller
tt0985699,Drama
tt0985699,History
tt0985699,Thriller
tt0986263,Action
tt0986263,Sci-Fi
tt0986263,Thriller
tt0986264,Drama
tt0986264,Family
tt0988045,Action
tt0988045,Adventure
tt0988045,Mystery
tt0988595,Comedy
tt0988595,Romance
tt0989757,Drama
tt0989757,Mystery
tt0989757,Romance
tt0990407,Action
tt0990407,Comedy
tt0990407,Crime
tt0993840,Action
tt0993840,Crime
tt0993840,Horror
tt0993842,Action
tt0993842,Adventure
tt0993842,Drama
tt0993846,Biography
tt0993846,Comedy
tt0993846,Crime
tt1000774,Comedy
tt1000774,Drama
tt1000774,Romance
tt1001508,Comedy
tt1001508,Drama
tt1001508,Romance
tt1001526,Action
tt1001526,Animation
tt1001526,Comedy
tt1007028,Comedy
tt1007028,Romance
tt1007029,Biography
tt1007029,Drama
tt1010048,Drama
tt1010048,Romance
tt1013743,Action
tt1013743,Adventure
tt1013743,Comedy
tt1013752,Action
tt1013752,Crime
tt1013752,Thriller
tt1013753,Biography
tt1013753,Drama
tt1014759,Adventure
tt1014759,Family
tt1014759,Fantasy
tt10189514,Drama
tt1019452,Comedy
tt1019452,Drama
tt1022603,Comedy
tt1022603,Drama
tt1022603,Romance
tt1023111,Action
tt1023111,Drama
tt1023111,Sport
tt1023114,Adventure
tt1023114,Drama
tt1023114,History
tt1024648,Biography
tt1024648,Drama
tt1024648,Thriller
tt1025100,Action
tt1025100,Adventure
tt1025100,Sci-Fi
tt10272386,Drama
tt10272386,Mystery
tt1027718,Drama
tt1028528,Action
tt1028528,Thriller
tt1028532,Biography
tt1028532,Drama
tt1028532,Family
tt10288566,Comedy
tt10288566,Drama
tt10293406,Drama
tt10293406,Romance
tt10293406,Western
tt10295212,Action
tt10295212,Biography
tt10295212,Drama
tt1032755,Action
tt1032755,Crime
tt1032755,Thriller
tt1033575,Comedy
tt1033575,Drama
tt1033643,Comedy
tt1033643,Romance
tt1034032,Action
tt1034032,Sci-Fi
tt1034032,Thriller
tt1034303,Action
tt1034303,Drama
tt1034303,History
tt1037705,Action
tt1037705,Adventure
tt1037705,Drama
tt1038686,Action
tt1038686,Fantasy
tt1038686,Horror
tt1038919,Action
tt1038919,Comedy
tt1038919,Romance
tt1038988,Horror
tt1038988,Mystery
tt1038988,Thriller
tt1041829,Comedy
tt1041829,Drama
tt1041829,Romance
tt1045658,Comedy
tt1045658,Drama
tt1045658,Romance
tt1046173,Action
tt1046173,Adventure
tt1046173,Sci-Fi
tt1049413,Adventure
tt1049413,Animation
tt1049413,Comedy
tt1051906,Drama
tt1051906,Horror
tt1051906,Mystery
tt1053424,Action
tt1053424,Sci-Fi
tt1053424,Thriller
tt1054606,Adventure
tt1054606,Comedy
tt1054606,Fantasy
tt1055292,Comedy
tt1055292,Drama
tt1055292,Romance
tt1055369,Action
tt1055369,Adventure
tt1055369,Sci-Fi
tt1057500,Biography
tt1057500,Drama
tt1057500,History
tt1058017,Comedy
tt1058017,Fantasy
tt1058017,Romance
tt1059786,Action
tt1059786,Mystery
tt1059786,Thriller
tt1060277,Action
tt1060277,Horror
tt1060277,Sci-Fi
tt1063669,Drama
tt1063669,Thriller
tt1065073,Drama
tt1067106,Adventure
tt1067106,Animation
tt1067106,Comedy
tt1067583,Drama
tt1067583,Romance
tt1068680,Comedy
tt1068680,Romance
tt1070874,Drama
tt1070874,History
tt1070874,Thriller
tt1071875,Action
tt1071875,Fantasy
tt1071875,Thriller
tt1073498,Comedy
tt1073498,Fantasy
tt1074638,Action
tt1074638,Adventure
tt1074638,Thriller
tt1077258,Action
tt1077258,Comedy
tt1077258,Fantasy
tt1077368,Comedy
tt1077368,Fantasy
tt1077368,Horror
tt1078912,Adventure
tt1078912,Comedy
tt1078912,Family
tt1078940,Comedy
tt1080016,Adventure
tt1080016,Animation
tt1080016,Comedy
tt10838180,Action
tt10838180,Sci-Fi
tt1086772,Comedy
tt1086772,Romance
tt10872600,Action
tt10872600,Adventure
tt10872600,Fantasy
tt10888594,Action
tt10888594,Crime
tt10888594,Thriller
tt1091191,Action
tt1091191,Biography
tt1091191,Drama
tt1091722,Comedy
tt1091722,Drama
tt1091722,Romance
tt1092026,Adventure
tt1092026,Comedy
tt1092026,Sci-Fi
tt1099212,Drama
tt1099212,Fantasy
tt1099212,Romance
tt1100089,Biography
tt1100089,Drama
tt1100089,History
tt1104001,Action
tt1104001,Adventure
tt1104001,Sci-Fi
tt11083552,Action
tt11083552,Crime
tt11083552,Thriller
tt1109624,Adventure
tt1109624,Comedy
tt1109624,Family
tt1111422,Action
tt1111422,Crime
tt1111422,Thriller
tt1114740,Action
tt1114740,Comedy
tt1114740,Crime
tt1119646,Comedy
tt1120985,Drama
tt1120985,Romance
tt1121931,Action
tt1121931,Crime
tt1121931,Thriller
tt1124035,Drama
tt1124035,Thriller
tt1125849,Drama
tt1125849,Sport
tt1127180,Horror
tt11286314,Comedy
tt11286314,Drama
tt11286314,Sci-Fi
tt1129442,Action
tt1129442,Crime
tt1129442,Thriller
tt1130884,Mystery
tt1130884,Thriller
tt1131729,Comedy
tt1131729,Drama
tt1131729,Music
tt1131734,Comedy
tt1131734,Horror
tt1132620,Crime
tt1132620,Drama
tt1132620,Mystery
tt1132626,Crime
tt1132626,Horror
tt1132626,Mystery
tt1133985,Action
tt1133985,Adventure
tt1133985,Sci-Fi
tt1135503,Biography
tt1135503,Drama
tt1135503,Romance
tt1136608,Action
tt1136608,Sci-Fi
tt1136608,Thriller
tt1139328,Crime
tt1139328,Drama
tt1139328,Mystery
tt1139797,Drama
tt1139797,Fantasy
tt1139797,Horror
tt1142977,Animation
tt1142977,Comedy
tt1142977,Drama
tt1142988,Comedy
tt1142988,Romance
tt1144884,Action
tt1144884,Horror
tt1144884,Thriller
tt1148204,Horror
tt1148204,Mystery
tt1148204,Thriller
tt1152836,Action
tt1152836,Biography
tt1152836,Crime
tt1155056,Comedy
tt1155056,Romance
tt1155076,Action
tt1155076,Drama
tt1155076,Family
tt1156398,Action
tt1156398,Comedy
tt1156398,Horror
tt1160419,Action
tt1160419,Adventure
tt1160419,Drama
tt1170358,Adventure
tt1170358,Fantasy
tt1172570,Action
tt1172570,Biography
tt1172570,Crime
tt1174732,Drama
tt1179034,Action
tt1179034,Crime
tt1179034,Thriller
tt1179904,Horror
tt1179904,Mystery
tt1179933,Action
tt1179933,Drama
tt1179933,Horror
tt1182345,Drama
tt1182345,Mystery
tt1182345,Sci-Fi
tt1187043,Comedy
tt1187043,Drama
tt1187064,Mystery
tt1187064,Sci-Fi
tt1187064,Thriller
tt1188729,Action
tt1188729,Horror
tt1188729,Mystery
tt1188996,Drama
tt1188996,Romance
tt1189073,Drama
tt1189073,Horror
tt1189073,Thriller
tt1189340,Crime
tt1189340,Drama
tt1189340,Mystery
tt1190080,Action
tt1190080,Adventure
tt1190080,Sci-Fi
tt1192628,Action
tt1192628,Adventure
tt1192628,Animation
tt1193138,Comedy
tt1193138,Drama
tt1193138,Romance
tt1194173,Action
tt1194173,Adventure
tt1194173,Thriller
tt1197624,Action
tt1197624,Crime
tt1197624,Drama
tt1201167,Comedy
tt1201167,Drama
tt1201607,Adventure
tt1201607,Fantasy
tt1201607,Mystery
tt1204975,Comedy
tt1204975,Drama
tt1205489,Drama
tt1205537,Action
tt1205537,Drama
tt1205537,Thriller
tt1206543,Action
tt1206543,Crime
tt1206543,Drama
tt1210166,Biography
tt1210166,Drama
tt1210166,Sport
tt1210819,Action
tt1210819,Adventure
tt1210819,Western
tt1211837,Action
tt1211837,Adventure
tt1211837,Fantasy
tt1211956,Action
tt1211956,Thriller
tt1212450,Biography
tt1212450,Crime
tt1212450,Drama
tt1213641,Biography
tt1213641,Drama
tt1213641,History
tt1213663,Comedy
tt1213663,Sci-Fi
tt1216475,Adventure
tt1216475,Animation
tt1216475,Comedy
tt1216492,Comedy
tt1216492,Romance
tt1217209,Adventure
tt1217209,Animation
tt1217209,Comedy
tt1217613,Action
tt1217613,Sci-Fi
tt1219289,Sci-Fi
tt1219289,Thriller
tt1219827,Action
tt1219827,Crime
tt1219827,Drama
tt1220634,Action
tt1220634,Adventure
tt1220634,Horror
tt1220719,Action
tt1220719,Biography
tt1220719,Drama
tt1226229,Comedy
tt1226229,Music
tt1228705,Action
tt1228705,Adventure
tt1228705,Sci-Fi
tt1228987,Drama
tt1228987,Fantasy
tt1228987,Horror
tt1229238,Action
tt1229238,Adventure
tt1229238,Thriller
tt1229340,Comedy
tt1231583,Comedy
tt1231583,Drama
tt1231587,Comedy
tt1231587,Sci-Fi
tt1232829,Action
tt1232829,Comedy
tt1232829,Crime
tt1233227,Horror
tt1233227,Mystery
tt1233227,Thriller
tt1234548,Comedy
tt1234548,War
tt1234721,Action
tt1234721,Crime
tt1234721,Sci-Fi
tt12361974,Action
tt12361974,Adventure
tt12361974,Fantasy
tt1240982,Adventure
tt1240982,Comedy
tt1240982,Fantasy
tt1242460,Drama
tt1242460,Mystery
tt1242460,Thriller
tt1243957,Action
tt1243957,Thriller
tt1245492,Comedy
tt1245526,Action
tt1245526,Comedy
tt1245526,Crime
tt1250777,Action
tt1250777,Comedy
tt1250777,Crime
tt1253863,Action
tt1253863,Drama
tt1253864,Action
tt1253864,Drama
tt1253864,Fantasy
tt1255953,Drama
tt1255953,Mystery
tt1255953,War
tt1258197,Mystery
tt1258197,Thriller
tt1259521,Horror
tt1259521,Mystery
tt1259521,Thriller
tt1259528,Action
tt1259528,Crime
tt1259528,Drama
tt1259571,Adventure
tt1259571,Drama
tt1259571,Fantasy
tt1262416,Horror
tt1262416,Mystery
tt1267297,Action
tt1267297,Adventure
tt1267297,Fantasy
tt1270797,Action
tt1270797,Adventure
tt1270797,Sci-Fi
tt1270798,Action
tt1270798,Adventure
tt1270798,Sci-Fi
tt1272878,Action
tt1272878,Comedy
tt1272878,Crime
tt1276104,Action
tt1276104,Drama
tt1276104,Sci-Fi
tt1277953,Adventure
tt1277953,Animation
tt1277953,Comedy
tt1279935,Comedy
tt1279935,Crime
tt1279935,Romance
tt12801262,Adventure
tt12801262,Animation
tt12801262,Comedy
tt1282140,Comedy
tt1282140,Drama
tt1282140,Romance
tt1284575,Comedy
tt1284575,Romance
tt1285016,Biography
tt1285016,Drama
tt1288558,Horror
tt1289401,Action
tt1289401,Comedy
tt1289401,Fantasy
tt1291150,Action
tt1291150,Adventure
tt1291150,Comedy
tt1291584,Action
tt1291584,Drama
tt1291584,Sport
tt1298649,Comedy
tt1298649,Sci-Fi
tt1298650,Action
tt1298650,Adventure
tt1298650,Fantasy
tt1300854,Action
tt1300854,Adventure
tt1300854,Sci-Fi
tt1302006,Biography
tt1302006,Crime
tt1302006,Drama
tt1302011,Action
tt1302011,Adventure
tt1302011,Animation
tt1305806,Drama
tt1305806,Mystery
tt1305806,Romance
tt1306980,Comedy
tt1306980,Drama
tt1306980,Romance
tt1307068,Adventure
tt1307068,Comedy
tt1307068,Drama
tt13143964,Comedy
tt1314655,Horror
tt1314655,Mystery
tt1314655,Thriller
tt1315981,Drama
tt1315981,Romance
tt1318514,Action
tt1318514,Drama
tt1318514,Sci-Fi
tt1320253,Action
tt1320253,Adventure
tt1320253,Thriller
tt1321870,Action
tt1321870,Crime
tt1321870,Drama
tt1323594,Adventure
tt1323594,Animation
tt1323594,Comedy
tt1324999,Adventure
tt1324999,Drama
tt1324999,Fantasy
tt1325004,Action
tt1325004,Adventure
tt1325004,Drama
tt1327194,Drama
tt1327194,Mystery
tt1327194,Romance
tt1327773,Biography
tt1327773,Drama
tt1333125,Comedy
tt1334260,Drama
tt1334260,Romance
tt1334260,Sci-Fi
tt1335975,Action
tt1335975,Drama
tt1335975,Fantasy
tt1340138,Action
tt1340138,Adventure
tt1340138,Sci-Fi
tt1340800,Drama
tt1340800,Mystery
tt1340800,Thriller
tt1343092,Drama
tt1343092,Romance
tt1343727,Action
tt1343727,Crime
tt1343727,Sci-Fi
tt1345836,Action
tt1345836,Crime
tt1345836,Drama
tt1351685,Action
tt1351685,Adventure
tt1351685,Fantasy
tt1355630,Drama
tt1355630,Fantasy
tt1355630,Music
tt1355644,Drama
tt1355644,Romance
tt1355644,Sci-Fi
tt1355683,Biography
tt1355683,Crime
tt1355683,Drama
tt1365519,Action
tt1365519,Adventure
tt1365519,Fantasy
tt1371111,Drama
tt1371111,Mystery
tt1371111,Sci-Fi
tt1375666,Action
tt1375666,Adventure
tt1375666,Sci-Fi
tt1375670,Comedy
tt1385826,Romance
tt1385826,Sci-Fi
tt1385826,Thriller
tt1386588,Action
tt1386588,Comedy
tt1386588,Crime
tt1386697,Action
tt1386697,Adventure
tt1386697,Fantasy
tt1386703,Action
tt1386703,Adventure
tt1386703,Sci-Fi
tt1386932,Action
tt1386932,Biography
tt1386932,Drama
tt1389072,Drama
tt1389072,Fantasy
tt1389072,Sci-Fi
tt1389137,Comedy
tt1389137,Drama
tt1389137,Family
tt1390411,Action
tt1390411,Adventure
tt1390411,Biography
tt1392170,Action
tt1392170,Adventure
tt1392170,Sci-Fi
tt1392190,Action
tt1392190,Adventure
tt1392190,Sci-Fi
tt1392214,Crime
tt1392214,Drama
tt1392214,Mystery
tt1396484,Horror
tt1397280,Action
tt1397280,Crime
tt1397280,Thriller
tt1397514,Action
tt1397514,Adventure
tt1397514,Comedy
tt1398426,Biography
tt1398426,Drama
tt1398426,History
tt1399103,Action
tt1399103,Adventure
tt1399103,Sci-Fi
tt1399683,Drama
tt1399683,Mystery
tt1401152,Action
tt1401152,Mystery
tt1401152,Thriller
tt1403865,Drama
tt1403865,Western
tt1403981,Drama
tt1403981,Romance
tt1408101,Action
tt1408101,Adventure
tt1408101,Sci-Fi
tt1408253,Action
tt1408253,Comedy
tt1408253,Crime
tt1409024,Action
tt1409024,Adventure
tt1409024,Comedy
tt1411238,Comedy
tt1411238,Romance
tt1411250,Action
tt1411250,Adventure
tt1411250,Sci-Fi
tt1411697,Comedy
tt1424381,Action
tt1424381,Adventure
tt1424381,Sci-Fi
tt1428538,Action
tt1428538,Fantasy
tt1428538,Horror
tt1430132,Action
tt1430132,Sci-Fi
tt1431045,Action
tt1431045,Adventure
tt1431045,Comedy
tt1433108,Action
tt1433108,Crime
tt1433108,Drama
tt1436562,Adventure
tt1436562,Animation
tt1436562,Comedy
tt1438176,Comedy
tt1438176,Horror
tt1440129,Action
tt1440129,Adventure
tt1440129,Sci-Fi
tt1441395,Drama
tt1441395,Horror
tt1441395,Mystery
tt1446192,Action
tt1446192,Adventure
tt1446192,Animation
tt1446714,Adventure
tt1446714,Mystery
tt1446714,Sci-Fi
tt1448755,Action
tt1448755,Crime
tt1448755,Thriller
tt1450321,Action
tt1450321,Comedy
tt1450321,Crime
tt1453405,Adventure
tt1453405,Animation
tt1453405,Comedy
tt1454029,Drama
tt1454468,Action
tt1454468,Drama
tt1454468,Sci-Fi
tt1457767,Horror
tt1457767,Mystery
tt1457767,Thriller
tt1458175,Action
tt1458175,Crime
tt1458175,Drama
tt1462758,Drama
tt1462758,Mystery
tt1462758,Thriller
tt1464540,Action
tt1464540,Adventure
tt1464540,Sci-Fi
tt1465522,Comedy
tt1465522,Horror
tt1469304,Action
tt1469304,Comedy
tt1469304,Crime
tt1477834,Action
tt1477834,Adventure
tt1477834,Fantasy
tt1478338,Comedy
tt1478338,Romance
tt1478964,Action
tt1478964,Adventure
tt1478964,Comedy
tt1482459,Adventure
tt1482459,Animation
tt1482459,Comedy
tt1483013,Action
tt1483013,Adventure
tt1483013,Sci-Fi
tt1485796,Biography
tt1485796,Drama
tt1485796,Musical
tt1486185,Fantasy
tt1486185,Horror
tt1486185,Mystery
tt1488555,Comedy
tt1488555,Fantasy
tt1488606,Action
tt1488606,Adventure
tt1488606,Crime
tt1489887,Comedy
tt1489889,Action
tt1489889,Comedy
tt1489889,Crime
tt1490017,Action
tt1490017,Adventure
tt1490017,Animation
tt1496025,Action
tt1496025,Fantasy
tt1496025,Horror
tt1499658,Comedy
tt1499658,Crime
tt1502397,Action
tt1502397,Comedy
tt1502397,Crime
tt1502407,Crime
tt1502407,Horror
tt1502407,Thriller
tt1502712,Action
tt1502712,Adventure
tt1502712,Sci-Fi
tt1504320,Biography
tt1504320,Drama
tt1504320,History
tt15097216,Crime
tt15097216,Drama
tt15097216,Mystery
tt1509767,Action
tt1509767,Adventure
tt1509767,Fantasy
tt1515091,Action
tt1515091,Adventure
tt1515091,Mystery
tt1517260,Action
tt1517260,Adventure
tt1517260,Drama
tt1517451,Drama
tt1517451,Music
tt1517451,Romance
tt1524137,Action
tt1524137,Crime
tt1524137,Drama
tt1524930,Adventure
tt1524930,Comedy
tt1527186,Drama
tt1527186,Sci-Fi
tt1528100,Action
tt1528100,Adventure
tt1528100,Drama
tt1528854,Comedy
tt1528854,Family
tt1535108,Action
tt1535108,Drama
tt1535108,Sci-Fi
tt1535109,Action
tt1535109,Biography
tt1535109,Crime
tt1536044,Horror
tt1536044,Mystery
tt1536537,Action
tt1536537,Crime
tt1536537,Fantasy
tt1538403,Action
tt1538403,Adventure
tt1538403,Fantasy
tt1542344,Biography
tt1542344,Drama
tt1547234,Action
tt1547234,Crime
tt1547234,Thriller
tt1549920,Action
tt1549920,Thriller
tt1560220,Action
tt1560220,Comedy
tt1560220,Horror
tt1560747,Drama
tt1563738,Drama
tt1563738,Romance
tt1564367,Comedy
tt1564367,Romance
tt1567609,Action
tt1567609,Crime
tt1567609,Drama
tt1568338,Action
tt1568338,Crime
tt1568338,Thriller
tt1568346,Crime
tt1568346,Drama
tt1568346,Mystery
tt1568911,Action
tt1568911,Adventure
tt1568911,Drama
tt1570728,Comedy
tt1570728,Drama
tt1570728,Romance
tt1571222,Biography
tt1571222,Drama
tt1571222,Romance
tt1571234,Action
tt1571234,Adventure
tt1571234,Fantasy
tt1583421,Action
tt1583421,Adventure
tt1583421,Sci-Fi
tt1587310,Adventure
tt1587310,Family
tt1587310,Fantasy
tt1588170,Action
tt1588170,Crime
tt1588170,Drama
tt1588173,Comedy
tt1588173,Horror
tt1588173,Romance
tt1590193,Action
tt1590193,Mystery
tt1590193,Thriller
tt1591095,Horror
tt1591095,Mystery
tt1591095,Thriller
tt1596343,Action
tt1596343,Crime
tt1596343,Thriller
tt1596350,Action
tt1596350,Comedy
tt1596350,Romance
tt1596363,Biography
tt1596363,Comedy
tt1596363,Drama
tt1596365,Drama
tt1596365,Fantasy
tt1596365,Horror
tt1598778,Drama
tt1598778,Thriller
tt1599348,Action
tt1599348,Thriller
tt1600196,Crime
tt1600196,Drama
tt1600196,Thriller
tt1601913,Action
tt1601913,Adventure
tt1601913,Drama
tt1602613,Action
tt1602613,Crime
tt1602613,Drama
tt1605630,Comedy
tt1605783,Comedy
tt1605783,Fantasy
tt1605783,Romance
tt1606378,Action
tt1606378,Thriller
tt1606389,Drama
tt1606389,Romance
tt1611224,Action
tt1611224,Fantasy
tt1611224,Horror
tt1614989,Action
tt1614989,Crime
tt1614989,Thriller
tt1615065,Action
tt1615065,Crime
tt1615065,Drama
tt1615147,Drama
tt1615147,Thriller
tt1615160,Action
tt1615160,Thriller
tt1616195,Biography
tt1616195,Drama
tt1616195,Romance
tt1617661,Action
tt1617661,Adventure
tt1617661,Sci-Fi
tt1618434,Action
tt1618434,Comedy
tt1618434,Crime
tt1618442,Action
tt1618442,Adventure
tt1618442,Fantasy
tt1622979,Action
tt1622979,Horror
tt1622979,Thriller
tt1623205,Adventure
tt1623205,Family
tt1623205,Fantasy
tt1623288,Adventure
tt1623288,Animation
tt1623288,Comedy
tt1628841,Action
tt1628841,Adventure
tt1628841,Sci-Fi
tt1631867,Action
tt1631867,Adventure
tt1631867,Sci-Fi
tt1632708,Comedy
tt1632708,Romance
tt1634122,Action
tt1634122,Adventure
tt1634122,Comedy
tt1636826,Comedy
tt1637688,Action
tt1637688,Sci-Fi
tt1637688,Thriller
tt1637725,Comedy
tt1638002,Comedy
tt1638002,Romance
tt1638355,Action
tt1638355,Adventure
tt1638355,Comedy
tt1645170,Comedy
tt1646971,Action
tt1646971,Adventure
tt1646971,Animation
tt1646987,Action
tt1646987,Adventure
tt1646987,Fantasy
tt1648190,Action
tt1648190,Adventure
tt1648190,Fantasy
tt1649419,Adventure
tt1649419,Drama
tt1649419,History
tt1650062,Action
tt1650062,Mystery
tt1650062,Sci-Fi
tt1650554,Action
tt1650554,Comedy
tt1650554,Crime
tt1655441,Drama
tt1655441,Fantasy
tt1655441,Romance
tt1655442,Comedy
tt1655442,Drama
tt1655442,Romance
tt1656190,Action
tt1656190,Crime
tt1656190,Thriller
tt1659337,Drama
tt1659337,Romance
tt1661199,Adventure
tt1661199,Drama
tt1661199,Family
tt1663202,Action
tt1663202,Adventure
tt1663202,Drama
tt1663662,Action
tt1663662,Adventure
tt1663662,Sci-Fi
tt1667889,Adventure
tt1667889,Animation
tt1667889,Comedy
tt1670345,Crime
tt1670345,Mystery
tt1670345,Thriller
tt1673434,Adventure
tt1673434,Drama
tt1673434,Fantasy
tt1675434,Biography
tt1675434,Comedy
tt1675434,Drama
tt1677720,Action
tt1677720,Adventure
tt1677720,Sci-Fi
tt1682180,Drama
tt1682180,Mystery
tt1682180,Thriller
tt1690953,Adventure
tt1690953,Animation
tt1690953,Comedy
tt1692486,Comedy
tt1692486,Drama
tt1700841,Adventure
tt1700841,Animation
tt1700841,Comedy
tt1702439,Drama
tt1702439,Romance
tt1702439,Thriller
tt1706593,Action
tt1706593,Drama
tt1706593,Sci-Fi
tt1706620,Action
tt1706620,Sci-Fi
tt1706620,Thriller
tt1707386,Drama
tt1707386,Musical
tt1707386,Romance
tt1714206,Comedy
tt1714206,Drama
tt1714206,Romance
tt1723121,Comedy
tt1723121,Crime
tt1723811,Drama
tt1727388,Comedy
tt1727388,Drama
tt1727824,Biography
tt1727824,Drama
tt1727824,Music
tt1731141,Action
tt1731141,Adventure
tt1731141,Sci-Fi
tt1735898,Action
tt1735898,Adventure
tt1735898,Drama
tt1748122,Comedy
tt1748122,Drama
tt1748122,Romance
tt1758830,Comedy
tt1758830,Romance
tt1764234,Crime
tt1764234,Drama
tt1764234,Thriller
tt1764651,Action
tt1764651,Adventure
tt1764651,Thriller
tt1772341,Adventure
tt1772341,Animation
tt1772341,Comedy
tt1790809,Action
tt1790809,Adventure
tt1790809,Fantasy
tt1790864,Action
tt1790864,Mystery
tt1790864,Sci-Fi
tt1790885,Drama
tt1790885,History
tt1790885,Thriller
tt1790886,Comedy
tt1791528,Comedy
tt1791528,Crime
tt1791528,Drama
tt1798684,Action
tt1798684,Crime
tt1798684,Drama
tt1798709,Drama
tt1798709,Romance
tt1798709,Sci-Fi
tt1800241,Crime
tt1800241,Drama
tt1800246,Comedy
tt1800246,Romance
tt1809398,Action
tt1809398,Biography
tt1809398,Drama
tt1815862,Action
tt1815862,Adventure
tt1815862,Sci-Fi
tt1817273,Crime
tt1817273,Drama
tt1817273,Thriller
tt1821549,Adventure
tt1821549,Comedy
tt1821549,Drama
tt1821694,Action
tt1821694,Adventure
tt1821694,Comedy
tt1823672,Action
tt1823672,Crime
tt1823672,Drama
tt1825683,Action
tt1825683,Adventure
tt1825683,Sci-Fi
tt1832382,Drama
tt1840309,Action
tt1840309,Adventure
tt1840309,Mystery
tt1843866,Action
tt1843866,Adventure
tt1843866,Sci-Fi
tt1853728,Drama
tt1853728,Western
tt1854564,Adventure
tt1854564,Family
tt1854564,Fantasy
tt1855199,Action
tt1855199,Adventure
tt1855199,Crime
tt1855325,Action
tt1855325,Adventure
tt1855325,Horror
tt1856101,Action
tt1856101,Drama
tt1856101,Mystery
tt1860213,Comedy
tt1860357,Action
tt1860357,Drama
tt1860357,History
tt1862079,Comedy
tt1862079,Drama
tt1862079,Fantasy
tt1872181,Action
tt1872181,Adventure
tt1872181,Sci-Fi
tt1872194,Crime
tt1872194,Drama
tt1877830,Action
tt1877830,Crime
tt1877830,Drama
tt1877832,Action
tt1877832,Adventure
tt1877832,Sci-Fi
tt1878870,Comedy
tt1878870,Drama
tt1895587,Biography
tt1895587,Crime
tt1895587,Drama
tt1899353,Action
tt1899353,Crime
tt1899353,Thriller
tt1904996,Action
tt1904996,Crime
tt1904996,Thriller
tt1905041,Action
tt1905041,Crime
tt1905041,Thriller
tt1907668,Drama
tt1907668,Thriller
tt1911644,Crime
tt1911644,Drama
tt1911644,Horror
tt1915581,Comedy
tt1915581,Drama
tt1921064,Action
tt1921064,Adventure
tt1921064,Drama
tt1922777,Horror
tt1922777,Mystery
tt1922777,Thriller
tt1924396,Crime
tt1924396,Drama
tt1924396,Mystery
tt1924429,Crime
tt1924429,Drama
tt1924429,Mystery
tt1924435,Action
tt1924435,Comedy
tt1924435,Crime
tt1931533,Comedy
tt1931533,Crime
tt1935179,Drama
tt1935859,Adventure
tt1935859,Drama
tt1935859,Family
tt1937390,Drama
tt1939659,Drama
tt1939659,Horror
tt1950186,Action
tt1950186,Biography
tt1950186,Drama
tt1951261,Comedy
tt1951261,Crime
tt1951264,Action
tt1951264,Adventure
tt1951264,Drama
tt1951265,Action
tt1951265,Adventure
tt1951265,Sci-Fi
tt1951266,Action
tt1951266,Adventure
tt1951266,Sci-Fi
tt1956620,Comedy
tt1956620,Romance
tt1959490,Action
tt1959490,Adventure
tt1959490,Drama
tt1959563,Action
tt1959563,Comedy
tt1959563,Crime
tt1964418,Action
tt1964418,Adventure
tt1964418,Family
tt1972591,Action
tt1972591,Adventure
tt1972591,Drama
tt1979320,Action
tt1979320,Biography
tt1979320,Drama
tt1979376,Adventure
tt1979376,Animation
tt1979376,Comedy
tt1979388,Adventure
tt1979388,Animation
tt1979388,Comedy
tt1980209,Action
tt1980209,Comedy
tt1980209,Crime
tt1980929,Comedy
tt1980929,Drama
tt1980929,Music
tt1981115,Action
tt1981115,Adventure
tt1981115,Fantasy
tt1981128,Action
tt1981128,Sci-Fi
tt1981128,Thriller
tt1981677,Comedy
tt1981677,Music
tt1981677,Romance
tt2004420,Comedy
tt2005151,Biography
tt2005151,Comedy
tt2005151,Crime
tt2015381,Action
tt2015381,Adventure
tt2015381,Comedy
tt2023587,Fantasy
tt2023587,Horror
tt2023587,Thriller
tt2024432,Comedy
tt2024432,Crime
tt2024432,Drama
tt2024469,Action
tt2024469,Mystery
tt2024469,Thriller
tt2024544,Biography
tt2024544,Drama
tt2024544,History
tt2034800,Action
tt2034800,Adventure
tt2034800,Fantasy
tt2042568,Comedy
tt2042568,Drama
tt2042568,Music
tt2053463,Crime
tt2053463,Drama
tt2053463,Mystery
tt2066051,Biography
tt2066051,Drama
tt2066051,Musical
tt2080374,Biography
tt2080374,Drama
tt2084970,Biography
tt2084970,Drama
tt2084970,Thriller
tt2094766,Action
tt2094766,Adventure
tt2094766,Sci-Fi
tt2096672,Comedy
tt2096673,Adventure
tt2096673,Animation
tt2096673,Comedy
tt2101441,Crime
tt2101441,Drama
tt2101441,Thriller
tt2103281,Action
tt2103281,Adventure
tt2103281,Drama
tt2106476,Drama
tt2109248,Action
tt2109248,Adventure
tt2109248,Sci-Fi
tt2119532,Biography
tt2119532,Drama
tt2119532,History
tt2120120,Action
tt2120120,Comedy
tt2120120,Fantasy
tt2126355,Action
tt2126355,Adventure
tt2126355,Thriller
tt2139881,Comedy
tt2139881,Romance
tt2140373,Biography
tt2140373,Comedy
tt2140373,Drama
tt2140479,Action
tt2140479,Thriller
tt2170439,Comedy
tt2170439,Crime
tt2170593,Comedy
tt2170593,Drama
tt2177771,Comedy
tt2177771,Drama
tt2177771,History
tt2179136,Action
tt2179136,Biography
tt2179136,Drama
tt2180411,Adventure
tt2180411,Comedy
tt2180411,Drama
tt2184339,Horror
tt2184339,Sci-Fi
tt2184339,Thriller
tt2191701,Comedy
tt2193215,Crime
tt2193215,Drama
tt2193215,Thriller
tt2194499,Comedy
tt2194499,Drama
tt2194499,Fantasy
tt2199571,Action
tt2199571,Crime
tt2199571,Thriller
tt2203939,Comedy
tt2203939,Romance
tt2209418,Drama
tt2209418,Romance
tt2209764,Action
tt2209764,Drama
tt2209764,Sci-Fi
tt2222042,Action
tt2222042,Adventure
tt2222042,Comedy
tt2226417,Horror
tt2226417,Mystery
tt2226417,Thriller
tt2229499,Comedy
tt2229499,Drama
tt2229499,Romance
tt2231461,Action
tt2231461,Adventure
tt2231461,Sci-Fi
tt2234155,Comedy
tt2239822,Action
tt2239822,Adventure
tt2239822,Fantasy
tt2245084,Action
tt2245084,Adventure
tt2245084,Animation
tt2250912,Action
tt2250912,Adventure
tt2250912,Sci-Fi
tt2265171,Action
tt2265171,Crime
tt2265171,Thriller
tt2267968,Action
tt2267968,Adventure
tt2267968,Animation
tt2267998,Drama
tt2267998,Mystery
tt2267998,Thriller
tt2277860,Adventure
tt2277860,Animation
tt2277860,Comedy
tt2278388,Adventure
tt2278388,Comedy
tt2278388,Crime
tt2278871,Drama
tt2278871,Romance
tt2283336,Action
tt2283336,Adventure
tt2283336,Comedy
tt2283362,Action
tt2283362,Adventure
tt2283362,Comedy
tt2293640,Adventure
tt2293640,Animation
tt2293640,Comedy
tt2294449,Action
tt2294449,Comedy
tt2294449,Crime
tt2294629,Adventure
tt2294629,Animation
tt2294629,Comedy
tt2302755,Action
tt2302755,Thriller
tt2304933,Action
tt2304933,Adventure
tt2304933,Sci-Fi
tt2305051,Adventure
tt2305051,Biography
tt2305051,Drama
tt2310332,Adventure
tt2310332,Fantasy
tt2312718,Action
tt2312718,Crime
tt2312718,Thriller
tt2316204,Horror
tt2316204,Sci-Fi
tt2316204,Thriller
tt2316411,Drama
tt2316411,Mystery
tt2316411,Thriller
tt2321549,Horror
tt2321549,Mystery
tt2322441,Drama
tt2322441,Romance
tt2322441,Thriller
tt2333784,Action
tt2333784,Adventure
tt2333784,Thriller
tt2334873,Comedy
tt2334873,Drama
tt2334879,Action
tt2334879,Drama
tt2334879,Thriller
tt2338151,Comedy
tt2338151,Drama
tt2338151,Sci-Fi
tt2345759,Action
tt2345759,Adventure
tt2345759,Fantasy
tt2361509,Comedy
tt2361509,Drama
tt2369135,Action
tt2369135,Crime
tt2369135,Thriller
tt2379713,Action
tt2379713,Adventure
tt2379713,Thriller
tt2380307,Adventure
tt2380307,Animation
tt2380307,Comedy
tt2381111,Drama
tt2381111,Romance
tt2381249,Action
tt2381249,Adventure
tt2381249,Thriller
tt2381941,Comedy
tt2381941,Crime
tt2381941,Drama
tt2381991,Action
tt2381991,Adventure
tt2381991,Drama
tt2382320,Action
tt2382320,Adventure
tt2382320,Thriller
tt2386490,Action
tt2386490,Adventure
tt2386490,Animation
tt2388715,Horror
tt2388715,Mystery
tt2395427,Action
tt2395427,Adventure
tt2395427,Sci-Fi
tt2397535,Action
tt2397535,Drama
tt2397535,Sci-Fi
tt2400463,Drama
tt2400463,Mystery
tt2400463,Thriller
tt2402927,Drama
tt2402927,Romance
tt2404233,Action
tt2404233,Adventure
tt2404233,Fantasy
tt2404311,Comedy
tt2404311,Crime
tt2404311,Thriller
tt2404435,Action
tt2404435,Adventure
tt2404435,Western
tt2404463,Action
tt2404463,Comedy
tt2404463,Crime
tt2406566,Action
tt2406566,Thriller
tt2446042,Action
tt2446042,Crime
tt2446042,Thriller
tt2446980,Biography
tt2446980,Drama
tt2488496,Action
tt2488496,Adventure
tt2488496,Sci-Fi
tt2503944,Comedy
tt2503944,Drama
tt2510894,Adventure
tt2510894,Animation
tt2510894,Comedy
tt2527336,Action
tt2527336,Adventure
tt2527336,Fantasy
tt2527338,Action
tt2527338,Adventure
tt2527338,Fantasy
tt2543164,Drama
tt2543164,Sci-Fi
tt2543472,Drama
tt2543472,Family
tt2548396,Action
tt2548396,Horror
tt2548396,Sci-Fi
tt2554274,Drama
tt2554274,Horror
tt2554274,Mystery
tt2557478,Action
tt2557478,Adventure
tt2557478,Sci-Fi
tt2557490,Comedy
tt2557490,Western
tt2561572,Comedy
tt2561572,Crime
tt2562232,Comedy
tt2562232,Drama
tt2567026,Adventure
tt2567026,Family
tt2567026,Fantasy
tt2582496,Comedy
tt2582496,Drama
tt2582782,Action
tt2582782,Crime
tt2582782,Drama
tt2582802,Drama
tt2582802,Music
tt2582846,Drama
tt2582846,Romance
tt2584384,Comedy
tt2584384,Drama
tt2584384,War
tt2631186,Action
tt2631186,Drama
tt2637276,Comedy
tt2660888,Action
tt2660888,Adventure
tt2660888,Sci-Fi
tt2671706,Drama
tt2674426,Drama
tt2674426,Romance
tt2692250,Adventure
tt2692250,Comedy
tt2692250,Family
tt2692904,Drama
tt2704998,Action
tt2704998,Comedy
tt2704998,Crime
tt2709768,Adventure
tt2709768,Animation
tt2709768,Comedy
tt2713180,Action
tt2713180,Drama
tt2713180,War
tt2719848,Action
tt2719848,Adventure
tt2719848,Biography
tt2737304,Horror
tt2737304,Sci-Fi
tt2763304,Drama
tt2771200,Adventure
tt2771200,Family
tt2771200,Fantasy
tt2788710,Action
tt2788710,Adventure
tt2788710,Comedy
tt2798920,Adventure
tt2798920,Drama
tt2798920,Horror
tt2802144,Action
tt2802144,Adventure
tt2802144,Comedy
tt2820852,Action
tt2820852,Crime
tt2820852,Thriller
tt2848292,Comedy
tt2848292,Music
tt2854926,Action
tt2854926,Comedy
tt2866360,Drama
tt2866360,Mystery
tt2866360,Sci-Fi
tt2872718,Crime
tt2872718,Drama
tt2872718,Thriller
tt2872732,Action
tt2872732,Sci-Fi
tt2872732,Thriller
tt2873282,Action
tt2873282,Drama
tt2873282,Thriller
tt2883512,Adventure
tt2883512,Comedy
tt2883512,Drama
tt2884206,Drama
tt2884206,Mystery
tt2884206,Romance
tt2908446,Action
tt2908446,Adventure
tt2908446,Sci-Fi
tt2911666,Action
tt2911666,Crime
tt2911666,Thriller
tt2935510,Adventure
tt2935510,Drama
tt2935510,Mystery
tt2948356,Adventure
tt2948356,Animation
tt2948356,Comedy
tt2948372,Adventure
tt2948372,Animation
tt2948372,Comedy
tt2953050,Animation
tt2953050,Comedy
tt2953050,Family
tt2975578,Action
tt2975578,Horror
tt2975578,Sci-Fi
tt2975590,Action
tt2975590,Adventure
tt2975590,Sci-Fi
tt2980516,Biography
tt2980516,Drama
tt2980516,Romance
tt3011894,Comedy
tt3011894,Drama
tt3011894,Thriller
tt3040964,Adventure
tt3040964,Drama
tt3040964,Family
tt3062096,Action
tt3062096,Adventure
tt3062096,Crime
tt3065204,Horror
tt3065204,Mystery
tt3065204,Thriller
tt3076658,Action
tt3076658,Drama
tt3076658,Sport
tt3079380,Action
tt3079380,Comedy
tt3104988,Comedy
tt3104988,Drama
tt3104988,Romance
tt3110958,Action
tt3110958,Adventure
tt3110958,Comedy
tt3152624,Comedy
tt3152624,Drama
tt3152624,Romance
tt3170832,Drama
tt3170832,Thriller
tt3183660,Adventure
tt3183660,Family
tt3183660,Fantasy
tt3195644,Horror
tt3195644,Mystery
tt3195644,Thriller
tt3228774,Adventure
tt3228774,Comedy
tt3228774,Crime
tt3235888,Horror
tt3235888,Mystery
tt3235888,Thriller
tt3263904,Biography
tt3263904,Drama
tt3281548,Drama
tt3281548,Romance
tt3289956,Horror
tt3289956,Mystery
tt3289956,Thriller
tt3300542,Action
tt3300542,Thriller
tt3315342,Action
tt3315342,Drama
tt3315342,Sci-Fi
tt3316960,Drama
tt3322940,Horror
tt3322940,Mystery
tt3322940,Thriller
tt3371366,Action
tt3371366,Adventure
tt3371366,Sci-Fi
tt3385516,Action
tt3385516,Adventure
tt3385516,Sci-Fi
tt3393786,Action
tt3393786,Crime
tt3393786,Drama
tt3397884,Action
tt3397884,Crime
tt3397884,Drama
tt3402236,Crime
tt3402236,Drama
tt3402236,Mystery
tt3410834,Action
tt3410834,Adventure
tt3410834,Mystery
tt3416742,Comedy
tt3416742,Horror
tt3450958,Action
tt3450958,Adventure
tt3450958,Drama
tt3460252,Crime
tt3460252,Drama
tt3460252,Mystery
tt3464902,Comedy
tt3464902,Drama
tt3464902,Romance
tt3469046,Adventure
tt3469046,Animation
tt3469046,Comedy
tt3470600,Animation
tt3470600,Comedy
tt3470600,Family
tt3480822,Action
tt3480822,Adventure
tt3480822,Sci-Fi
tt3488710,Action
tt3488710,Adventure
tt3488710,Biography
tt3498820,Action
tt3498820,Adventure
tt3498820,Sci-Fi
tt3501632,Action
tt3501632,Adventure
tt3501632,Comedy
tt3521126,Biography
tt3521126,Comedy
tt3521126,Drama
tt3521164,Adventure
tt3521164,Animation
tt3521164,Comedy
tt3531824,Action
tt3531824,Adventure
tt3531824,Crime
tt3532216,Action
tt3532216,Comedy
tt3532216,Crime
tt3553976,Comedy
tt3553976,Drama
tt3567288,Horror
tt3567288,Mystery
tt3567288,Thriller
tt3569230,Biography
tt3569230,Crime
tt3569230,Drama
tt3606756,Action
tt3606756,Adventure
tt3606756,Animation
tt3622592,Adventure
tt3622592,Comedy
tt3622592,Drama
tt3631112,Crime
tt3631112,Drama
tt3631112,Mystery
tt3640424,Action
tt3640424,Drama
tt3640424,Romance
tt3659388,Adventure
tt3659388,Drama
tt3659388,Sci-Fi
tt3682448,Drama
tt3682448,History
tt3682448,Thriller
tt3717490,Action
tt3717490,Adventure
tt3717490,Fantasy
tt3731562,Action
tt3731562,Adventure
tt3731562,Fantasy
tt3741700,Action
tt3741700,Adventure
tt3741700,Fantasy
tt3741834,Biography
tt3741834,Drama
tt3748172,Drama
tt3748172,Horror
tt3748172,Thriller
tt3748528,Action
tt3748528,Adventure
tt3748528,Sci-Fi
tt3766354,Action
tt3766354,Crime
tt3766354,Thriller
tt3774114,Biography
tt3774114,Crime
tt3774114,Drama
tt3778644,Action
tt3778644,Adventure
tt3778644,Sci-Fi
tt3783958,Comedy
tt3783958,Drama
tt3783958,Music
tt3794354,Action
tt3794354,Adventure
tt3794354,Comedy
tt3799694,Action
tt3799694,Comedy
tt3799694,Crime
tt3829266,Action
tt3829266,Adventure
tt3829266,Sci-Fi
tt3846674,Comedy
tt3846674,Drama
tt3846674,Romance
tt3874544,Adventure
tt3874544,Animation
tt3874544,Comedy
tt3890160,Action
tt3890160,Crime
tt3890160,Drama
tt3896198,Action
tt3896198,Adventure
tt3896198,Comedy
tt3967856,Action
tt3967856,Adventure
tt3967856,Drama
tt4016934,Drama
tt4016934,Romance
tt4016934,Thriller
tt4034228,Drama
tt4034354,Comedy
tt4034354,Drama
tt4034354,Fantasy
tt4046784,Action
tt4046784,Adventure
tt4046784,Sci-Fi
tt4052882,Action
tt4052882,Drama
tt4052882,Horror
tt4062536,Horror
tt4062536,Music
tt4062536,Thriller
tt4116284,Action
tt4116284,Adventure
tt4116284,Animation
tt4123430,Adventure
tt4123430,Family
tt4123430,Fantasy
tt4154664,Action
tt4154664,Adventure
tt4154664,Sci-Fi
tt4154756,Action
tt4154756,Adventure
tt4154756,Sci-Fi
tt4154796,Action
tt4154796,Adventure
tt4154796,Drama
tt4160708,Crime
tt4160708,Horror
tt4160708,Thriller
tt4172430,Action
tt4172430,Drama
tt4172430,History
tt4178092,Drama
tt4178092,Mystery
tt4178092,Thriller
tt4196776,Action
tt4196776,Thriller
tt4209788,Biography
tt4209788,Crime
tt4209788,Drama
tt4244994,Action
tt4244994,Drama
tt4244994,History
tt4263482,Drama
tt4263482,Horror
tt4263482,Mystery
tt4276820,Biography
tt4276820,Drama
tt4302938,Action
tt4302938,Adventure
tt4302938,Animation
tt4425200,Action
tt4425200,Crime
tt4425200,Thriller
tt4438848,Comedy
tt4481414,Drama
tt4500922,Action
tt4500922,Adventure
tt4500922,Sci-Fi
tt4501244,Comedy
tt4513678,Adventure
tt4513678,Comedy
tt4513678,Fantasy
tt4520988,Adventure
tt4520988,Animation
tt4520988,Comedy
tt4550098,Drama
tt4550098,Thriller
tt4555426,Biography
tt4555426,Drama
tt4555426,War
tt4566758,Action
tt4566758,Adventure
tt4566758,Drama
tt4630562,Action
tt4630562,Crime
tt4630562,Thriller
tt4633694,Action
tt4633694,Adventure
tt4633694,Animation
tt4649466,Action
tt4649466,Adventure
tt4649466,Comedy
tt4651520,Comedy
tt4698684,Adventure
tt4698684,Comedy
tt4698684,Drama
tt4701182,Action
tt4701182,Adventure
tt4701182,Sci-Fi
tt4729430,Adventure
tt4729430,Animation
tt4729430,Comedy
tt4776998,Action
tt4776998,Adventure
tt4776998,Drama
tt4779682,Action
tt4779682,Horror
tt4779682,Sci-Fi
tt4786282,Horror
tt4786282,Mystery
tt4846232,Crime
tt4846232,Drama
tt4846232,Thriller
tt4846340,Biography
tt4846340,Drama
tt4846340,History
tt4857264,Crime
tt4857264,Drama
tt4857264,Mystery
tt4881806,Action
tt4881806,Adventure
tt4881806,Sci-Fi
tt4912910,Action
tt4912910,Adventure
tt4912910,Thriller
tt4925292,Comedy
tt4925292,Drama
tt4972582,Horror
tt4972582,Thriller
tt4975722,Drama
tt5013056,Action
tt5013056,Drama
tt5013056,History
tt5022702,Horror
tt5022702,Thriller
tt5027774,Comedy
tt5027774,Crime
tt5027774,Drama
tt5034838,Action
tt5034838,Sci-Fi
tt5034838,Thriller
tt5052448,Horror
tt5052448,Mystery
tt5052448,Thriller
tt5052474,Action
tt5052474,Adventure
tt5052474,Crime
tt5074352,Action
tt5074352,Biography
tt5074352,Drama
tt5083738,Biography
tt5083738,Comedy
tt5083738,Drama
tt5095030,Action
tt5095030,Adventure
tt5095030,Comedy
tt5104604,Adventure
tt5104604,Animation
tt5104604,Comedy
tt5109280,Action
tt5109280,Adventure
tt5109280,Animation
tt5109784,Drama
tt5109784,Horror
tt5109784,Mystery
tt5140878,Horror
tt5140878,Mystery
tt5140878,Thriller
tt5164214,Action
tt5164214,Comedy
tt5164214,Crime
tt5164432,Comedy
tt5164432,Drama
tt5164432,Romance
tt5308322,Comedy
tt5308322,Horror
tt5308322,Mystery
tt5311514,Animation
tt5311514,Drama
tt5311514,Fantasy
tt5362988,Crime
tt5362988,Drama
tt5362988,Mystery
tt5363618,Drama
tt5363618,Music
tt5433138,Action
tt5433138,Crime
tt5433138,Thriller
tt5439796,Action
tt5439796,Comedy
tt5439796,Crime
tt5442430,Horror
tt5442430,Sci-Fi
tt5442430,Thriller
tt5462602,Comedy
tt5462602,Drama
tt5462602,Romance
tt5463162,Action
tt5463162,Adventure
tt5463162,Comedy
tt5519340,Action
tt5519340,Fantasy
tt5519340,Thriller
tt5580036,Biography
tt5580036,Comedy
tt5580036,Drama
tt5580390,Drama
tt5580390,Fantasy
tt5580390,Romance
tt5606664,Drama
tt5606664,Fantasy
tt5606664,Horror
tt5649144,Drama
tt5700672,Action
tt5700672,Horror
tt5700672,Thriller
tt5715874,Drama
tt5715874,Horror
tt5715874,Mystery
tt5726616,Drama
tt5726616,Romance
tt5727208,Crime
tt5727208,Drama
tt5727208,Thriller
tt5742374,Crime
tt5742374,Drama
tt5758778,Action
tt5758778,Adventure
tt5758778,Thriller
tt5776858,Drama
tt5776858,Romance
tt5813916,Action
tt5813916,Drama
tt5813916,War
tt5814060,Horror
tt5814060,Mystery
tt5814060,Thriller
tt5848272,Adventure
tt5848272,Animation
tt5848272,Comedy
tt5884052,Action
tt5884052,Adventure
tt5884052,Comedy
tt5886046,Action
tt5886046,Adventure
tt5886046,Horror
tt6105098,Adventure
tt6105098,Animation
tt6105098,Drama
tt6139732,Adventure
tt6139732,Comedy
tt6139732,Family
tt6146586,Action
tt6146586,Crime
tt6146586,Thriller
tt6155172,Drama
tt6264654,Action
tt6264654,Adventure
tt6264654,Comedy
tt6266538,Biography
tt6266538,Comedy
tt6266538,Drama
tt6294822,Drama
tt6320628,Action
tt6320628,Adventure
tt6320628,Sci-Fi
tt6334354,Action
tt6334354,Adventure
tt6334354,Comedy
tt6343314,Drama
tt6343314,Sport
tt6394270,Biography
tt6394270,Drama
tt6412452,Comedy
tt6412452,Drama
tt6412452,Musical
tt6450804,Action
tt6450804,Adventure
tt6450804,Sci-Fi
tt6499752,Action
tt6499752,Sci-Fi
tt6499752,Thriller
tt6565702,Action
tt6565702,Adventure
tt6565702,Sci-Fi
tt6628394,Crime
tt6628394,Drama
tt6628394,Mystery
tt6644200,Drama
tt6644200,Horror
tt6644200,Sci-Fi
tt6723592,Action
tt6723592,Sci-Fi
tt6723592,Thriller
tt6751668,Comedy
tt6751668,Drama
tt6751668,Thriller
tt6806448,Action
tt6806448,Adventure
tt6806448,Thriller
tt6823368,Drama
tt6823368,Sci-Fi
tt6823368,Thriller
tt6857112,Horror
tt6857112,Mystery
tt6857112,Thriller
tt6966692,Biography
tt6966692,Comedy
tt6966692,Drama
tt7040874,Comedy
tt7040874,Crime
tt7040874,Mystery
tt7069210,Horror
tt7069210,Mystery
tt7069210,Thriller
tt7097896,Action
tt7097896,Adventure
tt7097896,Sci-Fi
tt7126948,Action
tt7126948,Adventure
tt7126948,Fantasy
tt7131622,Comedy
tt7131622,Drama
tt7146812,Adventure
tt7146812,Animation
tt7146812,Comedy
tt7286456,Crime
tt7286456,Drama
tt7286456,Thriller
tt7349662,Biography
tt7349662,Comedy
tt7349662,Crime
tt7349950,Drama
tt7349950,Fantasy
tt7349950,Horror
tt7395114,Crime
tt7395114,Drama
tt7395114,Thriller
tt7401588,Comedy
tt7401588,Drama
tt7556122,Action
tt7556122,Adventure
tt7556122,Fantasy
tt7653254,Drama
tt7653254,Romance
tt7668870,Drama
tt7668870,Mystery
tt7668870,Thriller
tt7713068,Action
tt7713068,Adventure
tt7713068,Comedy
tt7737786,Action
tt7737786,Drama
tt7737786,Sci-Fi
tt7784604,Drama
tt7784604,Horror
tt7784604,Mystery
tt7798634,Action
tt7798634,Comedy
tt7798634,Horror
tt7846844,Action
tt7846844,Adventure
tt7846844,Crime
tt7888964,Action
tt7888964,Crime
tt7888964,Drama
tt7959026,Crime
tt7959026,Drama
tt7959026,Thriller
tt7975244,Action
tt7975244,Adventure
tt7975244,Comedy
tt7984734,Drama
tt7984734,Fantasy
tt7984734,Horror
tt7984766,Biography
tt7984766,Drama
tt7984766,History
tt7991608,Action
tt7991608,Comedy
tt7991608,Thriller
tt8079248,Comedy
tt8079248,Fantasy
tt8079248,Music
tt8106534,Action
tt8106534,Thriller
tt8110330,Comedy
tt8110330,Drama
tt8110330,Romance
tt8228288,Horror
tt8228288,Sci-Fi
tt8228288,Thriller
tt8244784,Action
tt8244784,Horror
tt8244784,Thriller
tt8332922,Drama
tt8332922,Horror
tt8332922,Sci-Fi
tt8367814,Action
tt8367814,Comedy
tt8367814,Crime
tt8404614,Biography
tt8404614,Comedy
tt8404614,Drama
tt8579674,Action
tt8579674,Drama
tt8579674,War
tt8772262,Drama
tt8772262,Horror
tt8772262,Mystery
tt8936646,Action
tt8936646,Thriller
tt8946378,Comedy
tt8946378,Crime
tt8946378,Drama
tt9032400,Action
tt9032400,Adventure
tt9032400,Fantasy
tt9243946,Action
tt9243946,Crime
tt9243946,Drama
tt9376612,Action
tt9376612,Adventure
tt9376612,Fantasy
tt9421570,Crime
tt9421570,Drama
tt9421570,Thriller
tt9484998,Comedy
tt9484998,Fantasy
tt9484998,Mystery
tt9495224,Drama
tt9495224,Fantasy
tt9495224,Mystery
tt9620292,Crime
tt9620292,Drama
tt9620292,Mystery
tt9770150,Drama
tt9777666,Action
tt9777666,Adventure
tt9777666,Drama
tt9893250,Comedy
tt9893250,Crime
tt9893250,Drama
